Description;Native;Bytes;R-encoding;Des_spanish
AERIAL TRAMWAY;🚡;\xF0\x9F\x9A\xA1;<ed><a0><bd><ed><ba><a1>;TELEFÉRICO
AIRPLANE;✈;\xE2\x9C\x88;<e2><9c><88>;AVIÓN
ALARM CLOCK;⏰;\xE2\x8F\xB0;<e2><8f><b0>;DESPERTADOR
ALIEN MONSTER;👾;\xF0\x9F\x91\xBE;<ed><a0><bd><ed><b1><be>;ALIEN
AMBULANCE;🚑;\xF0\x9F\x9A\x91;<ed><a0><bd><ed><ba><91>;AMBULANCIA
AMERICAN FOOTBALL;🏈;\xF0\x9F\x8F\x88;<ed><a0><bc><ed><bf><88>;FÚTBOL AMERICANO
ANCHOR;⚓;\xE2\x9A\x93;<e2><9a><93>;ANCLA
ANGER SYMBOL;💢;\xF0\x9F\x92\xA2;<ed><a0><bd><ed><b2><a2>;SÍMBOLO DE ENFADO
ANGRY FACE;😠;\xF0\x9F\x98\xA0;<ed><a0><bd><ed><b8><a0>;CARA ENOJADA
ANGUISHED FACE;😧;\xF0\x9F\x98\xA7;<ed><a0><bd><ed><b8><a7>;CARA ANGUSTIADA
ANT;🐜;\xF0\x9F\x90\x9C;<ed><a0><bd><ed><b0><9c>;HORMIGA
ANTENNA WITH BARS;📶;\xF0\x9F\x93\xB6;<ed><a0><bd><ed><b3><b6>;ANTENA CON BARRAS
ANTICLOCKWISE DOWNWARDS AND UPWARDS OPEN CIRCLE ARROWS;🔄;\xF0\x9F\x94\x84;<ed><a0><bd><ed><b4><84>;FLECHAS EN CIRCULO
AQUARIUS;♒;\xE2\x99\x92;<e2><99><92>;ACUARIO
ARIES;♈;\xE2\x99\x88;<e2><99><88>;ARIES
ARROW POINTING RIGHTWARDS THEN CURVING DOWNWARDS;⤵;\xE2\xA4\xB5;<e2><a4><b5>;FLECHA HACIA DERECHA Y ABAJO
ARROW POINTING RIGHTWARDS THEN CURVING UPWARDS;⤴;\xE2\xA4\xB4;<e2><a4><b4>;FLECHA HACIA DERECHA Y ARRIBA
ARTICULATED LORRY;🚛;\xF0\x9F\x9A\x9B;<ed><a0><bd><ed><ba><9b>;CAMIÓN ARTICULADO
ARTIST PALETTE;🎨;\xF0\x9F\x8E\xA8;<ed><a0><bc><ed><be><a8>;PALETA ARTISTA
ASTONISHED FACE;😲;\xF0\x9F\x98\xB2;<ed><a0><bd><ed><b8><b2>;CARA ASOMBRADA
ATHLETIC SHOE;👟;\xF0\x9F\x91\x9F;<ed><a0><bd><ed><b1><9f>;ZAPATO ATLETICO
AUBERGINE;🍆;\xF0\x9F\x8D\x86;<ed><a0><bc><ed><bd><86>;BERENJENA
AUTOMATED TELLER MACHINE;🏧;\xF0\x9F\x8F\xA7;<ed><a0><bc><ed><bf><a7>;CAJERO AUTOMÁTICO
AUTOMOBILE;🚗;\xF0\x9F\x9A\x97;<ed><a0><bd><ed><ba><97>;AUTOMÓVIL
BABY;👶;\xF0\x9F\x91\xB6;<ed><a0><bd><ed><b1><b6>;BEBÉ
BABY ANGEL;👼;\xF0\x9F\x91\xBC;<ed><a0><bd><ed><b1><bc>;ÁNGEL BEBÉ
BABY BOTTLE;🍼;\xF0\x9F\x8D\xBC;<ed><a0><bc><ed><bd><bc>;BIBERÓN
BABY CHICK;🐤;\xF0\x9F\x90\xA4;<ed><a0><bd><ed><b0><a4>;POLLITO
BABY SYMBOL;🚼;\xF0\x9F\x9A\xBC;<ed><a0><bd><ed><ba><bc>;SÍMBOLO DEL BEBÉ
BACK WITH LEFTWARDS ARROW ABOVE;🔙;\xF0\x9F\x94\x99;<ed><a0><bd><ed><b4><99>;VOLVER CON FLECHA IZQUIERDA ARRIBA
BACTRIAN CAMEL;🐫;\xF0\x9F\x90\xAB;<ed><a0><bd><ed><b0><ab>;CAMELLO
BAGGAGE CLAIM;🛄;\xF0\x9F\x9B\x84;<ed><a0><bd><ed><bb><84>;RECOGIDA DE EQUIPAJE
BALLOON;🎈;\xF0\x9F\x8E\x88;<ed><a0><bc><ed><be><88>;GLOBO
BALLOT BOX WITH CHECK;☑;\xE2\x98\x91;<e2><98><91>;SÍMBOLO CHECK
BANANA;🍌;\xF0\x9F\x8D\x8C;<ed><a0><bc><ed><bd><8c>;PLÁTANO
BANK;🏦;\xF0\x9F\x8F\xA6;<ed><a0><bc><ed><bf><a6>;BANCO
BANKNOTE WITH DOLLAR SIGN;💵;\xF0\x9F\x92\xB5;<ed><a0><bd><ed><b2><b5>;BILLETE DE BANCO CON MUESTRA DE DÓLARES
BANKNOTE WITH EURO SIGN;💶;\xF0\x9F\x92\xB6;<ed><a0><bd><ed><b2><b6>;BILLETE DE BANCO CON SEÑAL EURO
BANKNOTE WITH POUND SIGN;💷;\xF0\x9F\x92\xB7;<ed><a0><bd><ed><b2><b7>;BILLETE DE BANCO CON SEÑAL DE LIBROS
BANKNOTE WITH YEN SIGN;💴;\xF0\x9F\x92\xB4;<ed><a0><bd><ed><b2><b4>;BILLETE DE BANCO CON LA MUESTRA DEL YEN
BAR CHART;📊;\xF0\x9F\x93\x8A;<ed><a0><bd><ed><b3><8a>;GRÁFICO DE BARRAS
BARBER POLE;💈;\xF0\x9F\x92\x88;<ed><a0><bd><ed><b2><88>;BARBERO
BASEBALL;⚾;\xE2\x9A\xBE;<e2><9a><be>;BÉISBOL
BASKETBALL AND HOOP;🏀;\xF0\x9F\x8F\x80;<ed><a0><bc><ed><bf><80>;BALONCESTO Y ARO
BATH;🛀;\xF0\x9F\x9B\x80;<ed><a0><bd><ed><bb><80>;BAÑERA
BATHTUB;🛁;\xF0\x9F\x9B\x81;<ed><a0><bd><ed><bb><81>;BAÑERA
BATTERY;🔋;\xF0\x9F\x94\x8B;<ed><a0><bd><ed><b4><8b>;BATERÍA
BEAR FACE;🐻;\xF0\x9F\x90\xBB;<ed><a0><bd><ed><b0><bb>;CARA DEL OSO
BEATING HEART;💓;\xF0\x9F\x92\x93;<ed><a0><bd><ed><b2><93>;CORAZÓN PALPITANTE
BEER MUG;🍺;\xF0\x9F\x8D\xBA;<ed><a0><bc><ed><bd><ba>;JARRO DE CERVEZA
BELL;🔔;\xF0\x9F\x94\x94;<ed><a0><bd><ed><b4><94>;CAMPANA
BELL WITH CANCELLATION STROKE;🔕;\xF0\x9F\x94\x95;<ed><a0><bd><ed><b4><95>;CAMPANA TACHADA
BENTO BOX;🍱;\xF0\x9F\x8D\xB1;<ed><a0><bc><ed><bd><b1>;CAJA DE BENTO
BICYCLE;🚲;\xF0\x9F\x9A\xB2;<ed><a0><bd><ed><ba><b2>;BICICLETA
BICYCLIST;🚴;\xF0\x9F\x9A\xB4;<ed><a0><bd><ed><ba><b4>;CICLISTA
BIKINI;👙;\xF0\x9F\x91\x99;<ed><a0><bd><ed><b1><99>;BIKINI
BILLIARDS;🎱;\xF0\x9F\x8E\xB1;<ed><a0><bc><ed><be><b1>;BOLA DE BILLAR
BIRD;🐦;\xF0\x9F\x90\xA6;<ed><a0><bd><ed><b0><a6>;PÁJARO
BIRTHDAY CAKE;🎂;\xF0\x9F\x8E\x82;<ed><a0><bc><ed><be><82>;PASTEL DE CUMPLEAÑOS
BLACK CLUB SUIT;♣;\xE2\x99\xA3;<e2><99><a3>;TREBOL NEGRO
BLACK DIAMOND SUIT;♦;\xE2\x99\xA6;<e2><99><a6>;ROMBO NEGRO
BLACK DOWN-POINTING DOUBLE TRIANGLE;⏬;\xE2\x8F\xAC;<e2><8f><ac>;DOBLE TRIANGULO HACIA ABAJO
BLACK HEART SUIT;♥;\xE2\x99\xA5;<e2><99><a5>;CORAZÓN NEGRO
BLACK LARGE SQUARE;⬛;\xE2\xAC\x9B;<e2><ac><9b>;CUADRADO NEGRO
BLACK LEFT-POINTING DOUBLE TRIANGLE;⏪;\xE2\x8F\xAA;<e2><8f><aa>;DOBLE TRIÁNGULO HACIA IZQUIERDA
BLACK LEFT-POINTING TRIANGLE;◀;\xE2\x97\x80;<e2><97><80>;TRIÁNGULO NEGRO
BLACK MEDIUM SMALL SQUARE;◾;\xE2\x97\xBE;<e2><97><be>;CUADRADO NEGRO
BLACK MEDIUM SQUARE;◼;\xE2\x97\xBC;<e2><97><bc>;CUADRADO NEGRO
BLACK NIB;✒;\xE2\x9C\x92;<e2><9c><92>;PLUMA NEGRA
BLACK QUESTION MARK ORNAMENT;❓;\xE2\x9D\x93;<e2><9d><93>;CIERRA INTERROGACIÓN
BLACK RIGHT-POINTING DOUBLE TRIANGLE;⏩;\xE2\x8F\xA9;<e2><8f><a9>;DOBLE TRIANGULO HACIA DERECHA
BLACK RIGHT-POINTING TRIANGLE;▶;\xE2\x96\xB6;<e2><96><b6>;TRIÁNGULO NEGRO
BLACK RIGHTWARDS ARROW;➡;\xE2\x9E\xA1;<e2><9e><a1>;FLECHA NEGRA A LA DERECHA
BLACK SCISSORS;✂;\xE2\x9C\x82;<e2><9c><82>;TIJERAS NEGRAS
BLACK SMALL SQUARE;▪;\xE2\x96\xAA;<e2><96><aa>;NEGRO PEQUEÑO CUADRADO
BLACK SPADE SUIT;♠;\xE2\x99\xA0;<e2><99><a0>;JUEGO DE PIEDRA NEGRA
BLACK SQUARE BUTTON;🔲;\xF0\x9F\x94\xB2;<ed><a0><bd><ed><b4><b2>;CUADRADO NEGRO HUECO
BLACK SUN WITH RAYS;☀;\xE2\x98\x80;<e2><98><80>;SOL NEGRO CON RAYOS
BLACK TELEPHONE;☎;\xE2\x98\x8E;<e2><98><8e>;TELEFONO NEGRO
BLACK UNIVERSAL RECYCLING SYMBOL;♻;\xE2\x99\xBB;<e2><99><bb>;SÍMBOLO UNIVERSAL DE RECICLAJE NEGRO
BLACK UP-POINTING DOUBLE TRIANGLE;⏫;\xE2\x8F\xAB;<e2><8f><ab>;DOBLE TRIÁNGULO HACIA ARRIBA
BLOSSOM;🌼;\xF0\x9F\x8C\xBC;<ed><a0><bc><ed><bc><bc>;FLOR
BLOWFISH;🐡;\xF0\x9F\x90\xA1;<ed><a0><bd><ed><b0><a1>;PESCADO
BLUE BOOK;📘;\xF0\x9F\x93\x98;<ed><a0><bd><ed><b3><98>;LIBRO AZUL
BLUE HEART;💙;\xF0\x9F\x92\x99;<ed><a0><bd><ed><b2><99>;CORAZÓN AZUL
BOAR;🐗;\xF0\x9F\x90\x97;<ed><a0><bd><ed><b0><97>;JABALI
BOMB;💣;\xF0\x9F\x92\xA3;<ed><a0><bd><ed><b2><a3>;BOMBA
BOOKMARK;🔖;\xF0\x9F\x94\x96;<ed><a0><bd><ed><b4><96>;MARCADOR
BOOKMARK TABS;📑;\xF0\x9F\x93\x91;<ed><a0><bd><ed><b3><91>;MARCADOR
BOOKS;📚;\xF0\x9F\x93\x9A;<ed><a0><bd><ed><b3><9a>;LIBROS
BOUQUET;💐;\xF0\x9F\x92\x90;<ed><a0><bd><ed><b2><90>;RAMO
BOWLING;🎳;\xF0\x9F\x8E\xB3;<ed><a0><bc><ed><be><b3>;BOLOS
BOY;👦;\xF0\x9F\x91\xA6;<ed><a0><bd><ed><b1><a6>;CHICO
BREAD;🍞;\xF0\x9F\x8D\x9E;<ed><a0><bc><ed><bd><9e>;PAN DE MOLDE
BRIDE WITH VEIL;👰;\xF0\x9F\x91\xB0;<ed><a0><bd><ed><b1><b0>;NOVIA CON EL VELO
BRIDGE AT NIGHT;🌉;\xF0\x9F\x8C\x89;<ed><a0><bc><ed><bc><89>;PUENTE EN LA NOCHE
BRIEFCASE;💼;\xF0\x9F\x92\xBC;<ed><a0><bd><ed><b2><bc>;MALETÍN
BROKEN HEART;💔;\xF0\x9F\x92\x94;<ed><a0><bd><ed><b2><94>;CORAZÓN ROTO
BUG;🐛;\xF0\x9F\x90\x9B;<ed><a0><bd><ed><b0><9b>;ERROR
BUS;🚌;\xF0\x9F\x9A\x8C;<ed><a0><bd><ed><ba><8c>;AUTOBÚS
BUS STOP;🚏;\xF0\x9F\x9A\x8F;<ed><a0><bd><ed><ba><8f>;PARADA DE AUTOBÚS
BUST IN SILHOUETTE;👤;\xF0\x9F\x91\xA4;<ed><a0><bd><ed><b1><a4>;BUSTO EN SILUETA
BUSTS IN SILHOUETTE;👥;\xF0\x9F\x91\xA5;<ed><a0><bd><ed><b1><a5>;BUSTOS EN SILUETA
CACTUS;🌵;\xF0\x9F\x8C\xB5;<ed><a0><bc><ed><bc><b5>;CACTUS
CALENDAR;📅;\xF0\x9F\x93\x85;<ed><a0><bd><ed><b3><85>;CALENDARIO
CAMERA;📷;\xF0\x9F\x93\xB7;<ed><a0><bd><ed><b3><b7>;CÁMARA
CANCER;♋;\xE2\x99\x8B;<e2><99><8b>;CÁNCER
CANDY;🍬;\xF0\x9F\x8D\xAC;<ed><a0><bc><ed><bd><ac>;CARAMELO
CAPRICORN;♑;\xE2\x99\x91;<e2><99><91>;CAPRICORNIO
CARD INDEX;📇;\xF0\x9F\x93\x87;<ed><a0><bd><ed><b3><87>;FICHERO
CAROUSEL HORSE;🎠;\xF0\x9F\x8E\xA0;<ed><a0><bc><ed><be><a0>;CABALLO DE CARRUSELL
CARP STREAMER;🎏;\xF0\x9F\x8E\x8F;<ed><a0><bc><ed><be><8f>;BANDERA DE CARPAS
CAT;🐈;\xF0\x9F\x90\x88;<ed><a0><bd><ed><b0><88>;GATO
CAT FACE;🐱;\xF0\x9F\x90\xB1;<ed><a0><bd><ed><b0><b1>;CARA DE GATO
CAT FACE WITH TEARS OF JOY;😹;\xF0\x9F\x98\xB9;<ed><a0><bd><ed><b8><b9>;CARA DE GATO RIENDO
CAT FACE WITH WRY SMILE;😼;\xF0\x9F\x98\xBC;<ed><a0><bd><ed><b8><bc>;CARA DE GATO SONRIENDO
CHART WITH DOWNWARDS TREND;📉;\xF0\x9F\x93\x89;<ed><a0><bd><ed><b3><89>;CUADRO CON TENDENCIA DE ABAJO
CHART WITH UPWARDS TREND;📈;\xF0\x9F\x93\x88;<ed><a0><bd><ed><b3><88>;CUADRO CON TENDENCIA HACIA ARRIBA
CHART WITH UPWARDS TREND AND YEN SIGN;💹;\xF0\x9F\x92\xB9;<ed><a0><bd><ed><b2><b9>;GRÁFICO CON TENDENCIA Y SIGNO DE YEN
CHEERING MEGAPHONE;📣;\xF0\x9F\x93\xA3;<ed><a0><bd><ed><b3><a3>;MEGAFONO
CHEQUERED FLAG;🏁;\xF0\x9F\x8F\x81;<ed><a0><bc><ed><bf><81>;BANDERA GRIS
CHERRIES;🍒;\xF0\x9F\x8D\x92;<ed><a0><bc><ed><bd><92>;CEREZAS
CHERRY BLOSSOM;🌸;\xF0\x9F\x8C\xB8;<ed><a0><bc><ed><bc><b8>;FLOR DE CEREZO
CHESTNUT;🌰;\xF0\x9F\x8C\xB0;<ed><a0><bc><ed><bc><b0>;CASTAÑA
CHICKEN;🐔;\xF0\x9F\x90\x94;<ed><a0><bd><ed><b0><94>;POLLO
CHILDREN CROSSING;🚸;\xF0\x9F\x9A\xB8;<ed><a0><bd><ed><ba><b8>;NIÑOS CRUZANDO
CHOCOLATE BAR;🍫;\xF0\x9F\x8D\xAB;<ed><a0><bc><ed><bd><ab>;BARRA DE CHOCOLATE
CHRISTMAS TREE;🎄;\xF0\x9F\x8E\x84;<ed><a0><bc><ed><be><84>;ÁRBOL DE NAVIDAD
CHURCH;⛪;\xE2\x9B\xAA;<e2><9b><aa>;IGLESIA
CINEMA;🎦;\xF0\x9F\x8E\xA6;<ed><a0><bc><ed><be><a6>;CINE
CIRCLED LATIN CAPITAL LETTER M;Ⓜ;\xE2\x93\x82;<e2><93><82>;LETRA M EN CÍRCULO
CIRCUS TENT;🎪;\xF0\x9F\x8E\xAA;<ed><a0><bc><ed><be><aa>;TIENDA DE CIRCO
CITYSCAPE AT DUSK;🌆;\xF0\x9F\x8C\x86;<ed><a0><bc><ed><bc><86>;PAISAJE URBANO
CLAPPER BOARD;🎬;\xF0\x9F\x8E\xAC;<ed><a0><bc><ed><be><ac>;TABLERO DE PIZARRA DE CINE
CLAPPING HANDS SIGN;👏;\xF0\x9F\x91\x8F;<ed><a0><bd><ed><b1><8f>;MANOS APLAUDIENDO
CLINKING BEER MUGS;🍻;\xF0\x9F\x8D\xBB;<ed><a0><bc><ed><bd><bb>;CERVEZA BRINDANDO
CLIPBOARD;📋;\xF0\x9F\x93\x8B;<ed><a0><bd><ed><b3><8b>;PORTAPAPELES
CLOCK FACE EIGHT OCLOCK;🕗;\xF0\x9F\x95\x97;<ed><a0><bd><ed><b5><97>;RELOJ A LAS OCHO
CLOCK FACE EIGHT-THIRTY;🕣;\xF0\x9F\x95\xA3;<ed><a0><bd><ed><b5><a3>;RELOJ A LAS OCHO Y MEDIA
CLOCK FACE ELEVEN OCLOCK;🕚;\xF0\x9F\x95\x9A;<ed><a0><bd><ed><b5><9a>;RELOJ A LAS  ONCE
CLOCK FACE ELEVEN-THIRTY;🕦;\xF0\x9F\x95\xA6;<ed><a0><bd><ed><b5><a6>;RELOJ A LAS ONCE Y MEDIA
CLOCK FACE FIVE OCLOCK;🕔;\xF0\x9F\x95\x94;<ed><a0><bd><ed><b5><94>;RELOJ A LAS CINCO
CLOCK FACE FIVE-THIRTY;🕠;\xF0\x9F\x95\xA0;<ed><a0><bd><ed><b5><a0>;RELOJ A LAS CINCO Y MEDIA
CLOCK FACE FOUR OCLOCK;🕓;\xF0\x9F\x95\x93;<ed><a0><bd><ed><b5><93>;RELOJ A LAS CUATRO
CLOCK FACE FOUR-THIRTY;🕟;\xF0\x9F\x95\x9F;<ed><a0><bd><ed><b5><9f>;RELOJ LAS CUATRO Y MEDIA
CLOCK FACE NINE OCLOCK;🕘;\xF0\x9F\x95\x98;<ed><a0><bd><ed><b5><98>;RELOJ A LAS NUEVE
CLOCK FACE NINE-THIRTY;🕤;\xF0\x9F\x95\xA4;<ed><a0><bd><ed><b5><a4>;RELOJ A LAS NUEVE Y MEDIA
CLOCK FACE ONE OCLOCK;🕐;\xF0\x9F\x95\x90;<ed><a0><bd><ed><b5><90>;RELOJ A LA UNA
CLOCK FACE ONE-THIRTY;🕜;\xF0\x9F\x95\x9C;<ed><a0><bd><ed><b5><9c>;RELOJ A LA UNA Y MEDIA
CLOCK FACE SEVEN OCLOCK;🕖;\xF0\x9F\x95\x96;<ed><a0><bd><ed><b5><96>;RELOJ A LAS SIETE
CLOCK FACE SEVEN-THIRTY;🕢;\xF0\x9F\x95\xA2;<ed><a0><bd><ed><b5><a2>;RELOJ A LAS SIETE Y MEDIA
CLOCK FACE SIX OCLOCK;🕕;\xF0\x9F\x95\x95;<ed><a0><bd><ed><b5><95>;RELOJ A LAS SEIS
CLOCK FACE SIX-THIRTY;🕡;\xF0\x9F\x95\xA1;<ed><a0><bd><ed><b5><a1>;RELOJ A LAS SEIS Y MEDIA
CLOCK FACE TEN OCLOCK;🕙;\xF0\x9F\x95\x99;<ed><a0><bd><ed><b5><99>;RELOJ A LAS DIEZ
CLOCK FACE TEN-THIRTY;🕥;\xF0\x9F\x95\xA5;<ed><a0><bd><ed><b5><a5>;RELOJ A LAS DIEZ Y MEDIA
CLOCK FACE THREE OCLOCK;🕒;\xF0\x9F\x95\x92;<ed><a0><bd><ed><b5><92>;RELOJ A LAS TRES
CLOCK FACE THREE-THIRTY;🕞;\xF0\x9F\x95\x9E;<ed><a0><bd><ed><b5><9e>;RELOJ A LAS TRES Y MEDIA
CLOCK FACE TWELVE OCLOCK;🕛;\xF0\x9F\x95\x9B;<ed><a0><bd><ed><b5><9b>;RELOJ A LAS DOCE
CLOCK FACE TWELVE-THIRTY;🕧;\xF0\x9F\x95\xA7;<ed><a0><bd><ed><b5><a7>;RELOJ A LAS DOCE Y MEDIA
CLOCK FACE TWO OCLOCK;🕑;\xF0\x9F\x95\x91;<ed><a0><bd><ed><b5><91>;RELOJ A LAS DOS
CLOCK FACE TWO-THIRTY;🕝;\xF0\x9F\x95\x9D;<ed><a0><bd><ed><b5><9d>;RELOJ A LAS DOS Y MEDIA
CLOCKWISE DOWNWARDS AND UPWARDS OPEN CIRCLE ARROWS;🔃;\xF0\x9F\x94\x83;<ed><a0><bd><ed><b4><83>;FLECHAS ARRIBA ABAJO EN CIRCULO
CLOCKWISE RIGHTWARDS AND LEFTWARDS OPEN CIRCLE ARROWS;🔁;\xF0\x9F\x94\x81;<ed><a0><bd><ed><b4><81>;FLECHAS DERECHA IZQUIERDA EN CIRCULO
CLOCKWISE RIGHTWARDS AND LEFTWARDS OPEN CIRCLE ARROWS WITH CIRCLED ONE OVERLAY;🔂;\xF0\x9F\x94\x82;<ed><a0><bd><ed><b4><82>;FELCHAS DERECHA IZQUIERDA CON CIRCULO REPETICIÓN
CLOSED BOOK;📕;\xF0\x9F\x93\x95;<ed><a0><bd><ed><b3><95>;LIBRO CERRADO
CLOSED LOCK WITH KEY;🔐;\xF0\x9F\x94\x90;<ed><a0><bd><ed><b4><90>;CANDADO CERRADO CON LLAVE
CLOSED MAILBOX WITH LOWERED FLAG;📪;\xF0\x9F\x93\xAA;<ed><a0><bd><ed><b3><aa>;BUZÓN SIN CARTAS
CLOSED MAILBOX WITH RAISED FLAG;📫;\xF0\x9F\x93\xAB;<ed><a0><bd><ed><b3><ab>;BUZÓN CON CARTAS
CLOSED UMBRELLA;🌂;\xF0\x9F\x8C\x82;<ed><a0><bc><ed><bc><82>;PARAGUAS CERRADAS
CLOUD;☁;\xE2\x98\x81;<e2><98><81>;NUBE
COCKTAIL GLASS;🍸;\xF0\x9F\x8D\xB8;<ed><a0><bc><ed><bd><b8>;COCKTAIL
COLLISION SYMBOL;💥;\xF0\x9F\x92\xA5;<ed><a0><bd><ed><b2><a5>;SÍMBOLO DE COLISIÓN
CONFETTI BALL;🎊;\xF0\x9F\x8E\x8A;<ed><a0><bc><ed><be><8a>;BOLA DE CONFETTI
CONFOUNDED FACE;😖;\xF0\x9F\x98\x96;<ed><a0><bd><ed><b8><96>;ROSTO CONFUNDIDO
CONFUSED FACE;😕;\xF0\x9F\x98\x95;<ed><a0><bd><ed><b8><95>;CARA CONFUSA
CONSTRUCTION SIGN;🚧;\xF0\x9F\x9A\xA7;<ed><a0><bd><ed><ba><a7>;SIGNO DE CONSTRUCCIÓN
CONSTRUCTION WORKER;👷;\xF0\x9F\x91\xB7;<ed><a0><bd><ed><b1><b7>;OBRERO
CONVENIENCE STORE;🏪;\xF0\x9F\x8F\xAA;<ed><a0><bc><ed><bf><aa>;TIENDA DE CONVENIENCIA
COOKED RICE;🍚;\xF0\x9F\x8D\x9A;<ed><a0><bc><ed><bd><9a>;ARROZ COCIDO
COOKIE;🍪;\xF0\x9F\x8D\xAA;<ed><a0><bc><ed><bd><aa>;GALLETA
COOKING;🍳;\xF0\x9F\x8D\xB3;<ed><a0><bc><ed><bd><b3>;COCINA
COPYRIGHT SIGN;©;\xC2\xA9;<c2><a9>;SEÑAL DE COPYRIGHT
COUPLE WITH HEART;💑;\xF0\x9F\x92\x91;<ed><a0><bd><ed><b2><91>;PAREJA Y CORAZÓN
COW;🐄;\xF0\x9F\x90\x84;<ed><a0><bd><ed><b0><84>;VACA
COW FACE;🐮;\xF0\x9F\x90\xAE;<ed><a0><bd><ed><b0><ae>;CARA DE VACA
CREDIT CARD;💳;\xF0\x9F\x92\xB3;<ed><a0><bd><ed><b2><b3>;TARJETA DE CRÉDITO
CRESCENT MOON;🌙;\xF0\x9F\x8C\x99;<ed><a0><bc><ed><bc><99>;LUNA CRECIENTE
CROCODILE;🐊;\xF0\x9F\x90\x8A;<ed><a0><bd><ed><b0><8a>;COCODRILO
CROSS MARK;❌;\xE2\x9D\x8C;<e2><9d><8c>;MARCA DE LA CRUZ
CROSSED FLAGS;🎌;\xF0\x9F\x8E\x8C;<ed><a0><bc><ed><be><8c>;BANDERAS CRUZADAS
CROWN;👑;\xF0\x9F\x91\x91;<ed><a0><bd><ed><b1><91>;CORONA
CRYING CAT FACE;😿;\xF0\x9F\x98\xBF;<ed><a0><bd><ed><b8><bf>;CARA DEL GATO QUE GRITA
CRYING FACE;😢;\xF0\x9F\x98\xA2;<ed><a0><bd><ed><b8><a2>;CARA LLORANDO
CRYSTAL BALL;🔮;\xF0\x9F\x94\xAE;<ed><a0><bd><ed><b4><ae>;BOLA DE CRISTAL
CURLY LOOP;➰;\xE2\x9E\xB0;<e2><9e><b0>;LAZO AZUL
CURRENCY EXCHANGE;💱;\xF0\x9F\x92\xB1;<ed><a0><bd><ed><b2><b1>;CAMBIO DE MONEDA
CURRY AND RICE;🍛;\xF0\x9F\x8D\x9B;<ed><a0><bc><ed><bd><9b>;CURRY Y ARROZ
CUSTARD;🍮;\xF0\x9F\x8D\xAE;<ed><a0><bc><ed><bd><ae>;FLAN
CUSTOMS;🛃;\xF0\x9F\x9B\x83;<ed><a0><bd><ed><bb><83>;ADUANA
CYCLONE;🌀;\xF0\x9F\x8C\x80;<ed><a0><bc><ed><bc><80>;CICLÓN
DANCER;💃;\xF0\x9F\x92\x83;<ed><a0><bd><ed><b2><83>;BAILARÍN
DANGO;🍡;\xF0\x9F\x8D\xA1;<ed><a0><bc><ed><bd><a1>;BROCHETA
DASH SYMBOL;💨;\xF0\x9F\x92\xA8;<ed><a0><bd><ed><b2><a8>;SÍMBOLO HUMO
DECIDUOUS TREE;🌳;\xF0\x9F\x8C\xB3;<ed><a0><bc><ed><bc><b3>;ÁRBOL
DELIVERY TRUCK;🚚;\xF0\x9F\x9A\x9A;<ed><a0><bd><ed><ba><9a>;CAMIÓN DE REPARTO
DEPARTMENT STORE;🏬;\xF0\x9F\x8F\xAC;<ed><a0><bc><ed><bf><ac>;GRANDES ALMACENES
DIAMOND SHAPE WITH A DOT INSIDE;💠;\xF0\x9F\x92\xA0;<ed><a0><bd><ed><b2><a0>;FORMA DE DIAMANTE CON UN PUNTO DENTRO
DIGIT EIGHT + COMBINING ENCLOSING KEYCAP;8⃣;\x38\xE2\x83\xA3;8<e2><83><a3>;OCHO
DIGIT FIVE + COMBINING ENCLOSING KEYCAP;5⃣;\x35\xE2\x83\xA3;5<e2><83><a3>;CINCO
DIGIT FOUR + COMBINING ENCLOSING KEYCAP;4⃣;\x34\xE2\x83\xA3;4<e2><83><a3>;CUATRO
DIGIT NINE + COMBINING ENCLOSING KEYCAP;9⃣;\x39\xE2\x83\xA3;9<e2><83><a3>;NUEVE
DIGIT ONE + COMBINING ENCLOSING KEYCAP;1⃣;\x31\xE2\x83\xA3;1<e2><83><a3>;ONE
DIGIT SEVEN + COMBINING ENCLOSING KEYCAP;7⃣;\x37\xE2\x83\xA3;7<e2><83><a3>;SIETE
DIGIT SIX + COMBINING ENCLOSING KEYCAP;6⃣;\x36\xE2\x83\xA3;6<e2><83><a3>;SEIS
DIGIT THREE + COMBINING ENCLOSING KEYCAP;3⃣;\x33\xE2\x83\xA3;3<e2><83><a3>;TRES
DIGIT TWO + COMBINING ENCLOSING KEYCAP;2⃣;\x32\xE2\x83\xA3;2<e2><83><a3>;DOS
DIGIT ZERO + COMBINING ENCLOSING KEYCAP;0⃣;\x30\xE2\x83\xA3;0<e2><83><a3>;CERO
DIRECT HIT;🎯;\xF0\x9F\x8E\xAF;<ed><a0><bc><ed><be><af>;DIANA
DISAPPOINTED BUT RELIEVED FACE;😥;\xF0\x9F\x98\xA5;<ed><a0><bd><ed><b8><a5>;CARA PREOCUPADA
DISAPPOINTED FACE;😞;\xF0\x9F\x98\x9E;<ed><a0><bd><ed><b8><9e>;CARA TRISTE
DIZZY FACE;😵;\xF0\x9F\x98\xB5;<ed><a0><bd><ed><b8><b5>;CARA EMOCIONADA
DIZZY SYMBOL;💫;\xF0\x9F\x92\xAB;<ed><a0><bd><ed><b2><ab>;SÍMBOLO ESTRELLAS CÍRCULO
DO NOT LITTER SYMBOL;🚯;\xF0\x9F\x9A\xAF;<ed><a0><bd><ed><ba><af>;NO TIRAR BASURA
DOG;🐕;\xF0\x9F\x90\x95;<ed><a0><bd><ed><b0><95>;PERRO
DOG FACE;🐶;\xF0\x9F\x90\xB6;<ed><a0><bd><ed><b0><b6>;CARA DE PERRO
DOLPHIN;🐬;\xF0\x9F\x90\xAC;<ed><a0><bd><ed><b0><ac>;DELFÍN
DOOR;🚪;\xF0\x9F\x9A\xAA;<ed><a0><bd><ed><ba><aa>;PUERTA
DOUBLE EXCLAMATION MARK;‼;\xE2\x80\xBC;<e2><80><bc>;MARCA DE EXCLAMACIÓN DOBLE
DOUGHNUT;🍩;\xF0\x9F\x8D\xA9;<ed><a0><bc><ed><bd><a9>;ROSQUILLA
DOWN-POINTING RED TRIANGLE;🔻;\xF0\x9F\x94\xBB;<ed><a0><bd><ed><b4><bb>;TRIÁNGULO ROJO
DOWN-POINTING SMALL RED TRIANGLE;🔽;\xF0\x9F\x94\xBD;<ed><a0><bd><ed><b4><bd>;TRIÁNGULO ROJO PEQUEÑO
DOWNWARDS BLACK ARROW;⬇;\xE2\xAC\x87;<e2><ac><87>;FLECHA NEGRA BAJA
DRAGON;🐉;\xF0\x9F\x90\x89;<ed><a0><bd><ed><b0><89>;DRAGÓN
DRAGON FACE;🐲;\xF0\x9F\x90\xB2;<ed><a0><bd><ed><b0><b2>;CARA DEL DRAGÓN
DRESS;👗;\xF0\x9F\x91\x97;<ed><a0><bd><ed><b1><97>;VESTIR
DROMEDARY CAMEL;🐪;\xF0\x9F\x90\xAA;<ed><a0><bd><ed><b0><aa>;CAMELO DROMEDARIO
DROPLET;💧;\xF0\x9F\x92\xA7;<ed><a0><bd><ed><b2><a7>;GOTITA
DVD;📀;\xF0\x9F\x93\x80;<ed><a0><bd><ed><b3><80>;DVD
E-MAIL SYMBOL;📧;\xF0\x9F\x93\xA7;<ed><a0><bd><ed><b3><a7>;SÍMBOLO DE CORREO ELECTRÓNICO
EAR;👂;\xF0\x9F\x91\x82;<ed><a0><bd><ed><b1><82>;OREJA
EAR OF MAIZE;🌽;\xF0\x9F\x8C\xBD;<ed><a0><bc><ed><bc><bd>;OREJA DEL MAIZ
EAR OF RICE;🌾;\xF0\x9F\x8C\xBE;<ed><a0><bc><ed><bc><be>;ORO DE ARROZ
EARTH GLOBE AMERICAS;🌎;\xF0\x9F\x8C\x8E;<ed><a0><bc><ed><bc><8e>;GLOBO DE LA TIERRA AMERICAS
EARTH GLOBE ASIA-AUSTRALIA;🌏;\xF0\x9F\x8C\x8F;<ed><a0><bc><ed><bc><8f>;GLOBO DE LA TIERRA ASIA-AUSTRALIA
EARTH GLOBE EUROPE-AFRICA;🌍;\xF0\x9F\x8C\x8D;<ed><a0><bc><ed><bc><8d>;GLOBO DE LA TIERRA EUROPA-AFRICA
EIGHT POINTED BLACK STAR;✴;\xE2\x9C\xB4;<e2><9c><b4>;OCHO PUNTO DE LA ESTRELLA NEGRA
EIGHT SPOKED ASTERISK;✳;\xE2\x9C\xB3;<e2><9c><b3>;OCHO ASTERISTA HABLADO
ELECTRIC LIGHT BULB;💡;\xF0\x9F\x92\xA1;<ed><a0><bd><ed><b2><a1>;BOMBILLA ELÉCTRICA
ELECTRIC PLUG;🔌;\xF0\x9F\x94\x8C;<ed><a0><bd><ed><b4><8c>;ENCHUFE ELÉCTRICO
ELECTRIC TORCH;🔦;\xF0\x9F\x94\xA6;<ed><a0><bd><ed><b4><a6>;ANTORCHA ELÉCTRICA
ELEPHANT;🐘;\xF0\x9F\x90\x98;<ed><a0><bd><ed><b0><98>;ELEFANTE
END WITH LEFTWARDS ARROW ABOVE;🔚;\xF0\x9F\x94\x9A;<ed><a0><bd><ed><b4><9a>;FINALIZAR CON FLECHA IZQUIERDA ARRIBA
ENVELOPE;✉;\xE2\x9C\x89;<e2><9c><89>;SOBRE
ENVELOPE WITH DOWNWARDS ARROW ABOVE;📩;\xF0\x9F\x93\xA9;<ed><a0><bd><ed><b3><a9>;SOBRE CON FLECHA
EUROPEAN CASTLE;🏰;\xF0\x9F\x8F\xB0;<ed><a0><bc><ed><bf><b0>;CASTILLO
EUROPEAN POST OFFICE;🏤;\xF0\x9F\x8F\xA4;<ed><a0><bc><ed><bf><a4>;OFICINA DE CORREOS
EVERGREEN TREE;🌲;\xF0\x9F\x8C\xB2;<ed><a0><bc><ed><bc><b2>;ÁRBOL
EXCLAMATION QUESTION MARK;⁉;\xE2\x81\x89;<e2><81><89>;CIERRE DE EXCLAMACIÓN E INTERROGACIÓN
EXPRESSIONLESS FACE;😑;\xF0\x9F\x98\x91;<ed><a0><bd><ed><b8><91>;CARA SIN EXPRESIÓN
EXTRATERRESTRIAL ALIEN;👽;\xF0\x9F\x91\xBD;<ed><a0><bd><ed><b1><bd>;ALIEN
EYEGLASSES;👓;\xF0\x9F\x91\x93;<ed><a0><bd><ed><b1><93>;GAFAS
EYES;👀;\xF0\x9F\x91\x80;<ed><a0><bd><ed><b1><80>;OJOS
FACE MASSAGE;💆;\xF0\x9F\x92\x86;<ed><a0><bd><ed><b2><86>;MASAJE FACIAL
FACE SAVOURING DELICIOUS FOOD;😋;\xF0\x9F\x98\x8B;<ed><a0><bd><ed><b8><8b>;CARA GOLOSA
FACE SCREAMING IN FEAR;😱;\xF0\x9F\x98\xB1;<ed><a0><bd><ed><b8><b1>;CARA GRITANDO DE MIEDO
FACE THROWING A KISS;😘;\xF0\x9F\x98\x98;<ed><a0><bd><ed><b8><98>;CARA LANZANDO BESO
FACE WITH COLD SWEAT;😓;\xF0\x9F\x98\x93;<ed><a0><bd><ed><b8><93>;CARA CON SUDOR FRÍO
FACE WITH LOOK OF TRIUMPH;😤;\xF0\x9F\x98\xA4;<ed><a0><bd><ed><b8><a4>;CARA ENFADADA
FACE WITH MEDICAL MASK;😷;\xF0\x9F\x98\xB7;<ed><a0><bd><ed><b8><b7>;CARA CON MÁSCARA MÉDICA
FACE WITH NO GOOD GESTURE;🙅;\xF0\x9F\x99\x85;<ed><a0><bd><ed><b9><85>;PERSONA CON GESTO NEGATIVO
FACE WITH OK GESTURE;🙆;\xF0\x9F\x99\x86;<ed><a0><bd><ed><b9><86>;PERSONA CON GESTO POSITIVO
FACE WITH OPEN MOUTH;😮;\xF0\x9F\x98\xAE;<ed><a0><bd><ed><b8><ae>;CARA CON BOCA ABIERTA
FACE WITH OPEN MOUTH AND COLD SWEAT;😰;\xF0\x9F\x98\xB0;<ed><a0><bd><ed><b8><b0>;CARA CON BOCA ABIERTA Y SUDOR FRÍO
FACE WITH STUCK-OUT TONGUE;😛;\xF0\x9F\x98\x9B;<ed><a0><bd><ed><b8><9b>;CARA SACANDO LA LENGUA
FACE WITH STUCK-OUT TONGUE AND TIGHTLY-CLOSED EYES;😝;\xF0\x9F\x98\x9D;<ed><a0><bd><ed><b8><9d>;CARA SACANDO LA LENGUA Y  OJOS CERRADOS
FACE WITH STUCK-OUT TONGUE AND WINKING EYE;😜;\xF0\x9F\x98\x9C;<ed><a0><bd><ed><b8><9c>;CARA SACANDO LA LENGUA Y OJO GUILLADO
FACE WITH TEARS OF JOY;😂;\xF0\x9F\x98\x82;<ed><a0><bd><ed><b8><82>;CARA MUY ALEGRE
FACE WITHOUT MOUTH;😶;\xF0\x9F\x98\xB6;<ed><a0><bd><ed><b8><b6>;CARA SIN BOCA
FACTORY;🏭;\xF0\x9F\x8F\xAD;<ed><a0><bc><ed><bf><ad>;FÁBRICA
FALLEN LEAF;🍂;\xF0\x9F\x8D\x82;<ed><a0><bc><ed><bd><82>;HOJA SECA
FAMILY;👪;\xF0\x9F\x91\xAA;<ed><a0><bd><ed><b1><aa>;FAMILIA
FATHER CHRISTMAS;🎅;\xF0\x9F\x8E\x85;<ed><a0><bc><ed><be><85>;PAPÁ NOEL
FAX MACHINE;📠;\xF0\x9F\x93\xA0;<ed><a0><bd><ed><b3><a0>;MÁQUINA DE FAX
FEARFUL FACE;😨;\xF0\x9F\x98\xA8;<ed><a0><bd><ed><b8><a8>;CARA DE MIEDO
FERRIS WHEEL;🎡;\xF0\x9F\x8E\xA1;<ed><a0><bc><ed><be><a1>;RUEDA FERRIS
FILE FOLDER;📁;\xF0\x9F\x93\x81;<ed><a0><bd><ed><b3><81>;CARPETA DE ARCHIVOS
FIRE;🔥;\xF0\x9F\x94\xA5;<ed><a0><bd><ed><b4><a5>;FUEGO
FIRE ENGINE;🚒;\xF0\x9F\x9A\x92;<ed><a0><bd><ed><ba><92>;CAMION DE BOMBEROS
FIREWORK SPARKLER;🎇;\xF0\x9F\x8E\x87;<ed><a0><bc><ed><be><87>;FUEGOS ARTIFICIALES
FIREWORKS;🎆;\xF0\x9F\x8E\x86;<ed><a0><bc><ed><be><86>;FUEGOS ARTIFICIALES
FIRST QUARTER MOON SYMBOL;🌓;\xF0\x9F\x8C\x93;<ed><a0><bc><ed><bc><93>;SÍMBOLO DE LA LUNA DEL PRIMER TRIMESTRE
FIRST QUARTER MOON WITH FACE;🌛;\xF0\x9F\x8C\x9B;<ed><a0><bc><ed><bc><9b>;LUNA DEL PRIMER TRIMESTRE CON CARA
FISH;🐟;\xF0\x9F\x90\x9F;<ed><a0><bd><ed><b0><9f>;PESCADO
FISH CAKE WITH SWIRL DESIGN;🍥;\xF0\x9F\x8D\xA5;<ed><a0><bc><ed><bd><a5>;PASTEL DE PESCADO CON DISEÑO
FISHING POLE AND FISH;🎣;\xF0\x9F\x8E\xA3;<ed><a0><bc><ed><be><a3>;CARA DE PESCAR CON PEZ
FISTED HAND SIGN;👊;\xF0\x9F\x91\x8A;<ed><a0><bd><ed><b1><8a>;PUÑO
FLAG IN HOLE;⛳;\xE2\x9B\xB3;<e2><9b><b3>;GOLF
FLEXED BICEPS;💪;\xF0\x9F\x92\xAA;<ed><a0><bd><ed><b2><aa>;BICEPS
FLOPPY DISK;💾;\xF0\x9F\x92\xBE;<ed><a0><bd><ed><b2><be>;DISCO
FLOWER PLAYING CARDS;🎴;\xF0\x9F\x8E\xB4;<ed><a0><bc><ed><be><b4>;AMANECER
FLUSHED FACE;😳;\xF0\x9F\x98\xB3;<ed><a0><bd><ed><b8><b3>;CARA SONROJADA
FOGGY;🌁;\xF0\x9F\x8C\x81;<ed><a0><bc><ed><bc><81>;BRUMOSO
FOOTPRINTS;👣;\xF0\x9F\x91\xA3;<ed><a0><bd><ed><b1><a3>;HUELLAS
FORK AND KNIFE;🍴;\xF0\x9F\x8D\xB4;<ed><a0><bc><ed><bd><b4>;TENEDOR Y CUCHILLO
FOUNTAIN;⛲;\xE2\x9B\xB2;<e2><9b><b2>;FUENTE
FOUR LEAF CLOVER;🍀;\xF0\x9F\x8D\x80;<ed><a0><bc><ed><bd><80>;TRÉBOL DE CUATRO HOJAS
FRENCH FRIES;🍟;\xF0\x9F\x8D\x9F;<ed><a0><bc><ed><bd><9f>;PAPAS FRITAS
FRIED SHRIMP;🍤;\xF0\x9F\x8D\xA4;<ed><a0><bc><ed><bd><a4>;CAMARÓN FRITO
FROG FACE;🐸;\xF0\x9F\x90\xB8;<ed><a0><bd><ed><b0><b8>;CARA DE RANA
FRONT-FACING BABY CHICK;🐥;\xF0\x9F\x90\xA5;<ed><a0><bd><ed><b0><a5>;POLLUELO DEL BEBÉ DEL FRENTE
FROWNING FACE WITH OPEN MOUTH;😦;\xF0\x9F\x98\xA6;<ed><a0><bd><ed><b8><a6>;CARA CON BOCA ABIERTA
FUEL PUMP;⛽;\xE2\x9B\xBD;<e2><9b><bd>;BOMBA DE COMBUSTIBLE
FULL MOON SYMBOL;🌕;\xF0\x9F\x8C\x95;<ed><a0><bc><ed><bc><95>;LUNA LLENA COMPLETA
FULL MOON WITH FACE;🌝;\xF0\x9F\x8C\x9D;<ed><a0><bc><ed><bc><9d>;LUNA LLENA CON CARA
GAME DIE;🎲;\xF0\x9F\x8E\xB2;<ed><a0><bc><ed><be><b2>;DADO
GEM STONE;💎;\xF0\x9F\x92\x8E;<ed><a0><bd><ed><b2><8e>;JOYA
GEMINI;♊;\xE2\x99\x8A;<e2><99><8a>;GEMINIS
GHOST;👻;\xF0\x9F\x91\xBB;<ed><a0><bd><ed><b1><bb>;FANTASMA
GIRL;👧;\xF0\x9F\x91\xA7;<ed><a0><bd><ed><b1><a7>;NIÑA
GLOBE WITH MERIDIANS;🌐;\xF0\x9F\x8C\x90;<ed><a0><bc><ed><bc><90>;GLOBO CON MERIDIANOS
GLOWING STAR;🌟;\xF0\x9F\x8C\x9F;<ed><a0><bc><ed><bc><9f>;ESTRELLA
GOAT;🐐;\xF0\x9F\x90\x90;<ed><a0><bd><ed><b0><90>;CABRA
GRADUATION CAP;🎓;\xF0\x9F\x8E\x93;<ed><a0><bc><ed><be><93>;GORRO DE GRADUACIÓN
GRAPES;🍇;\xF0\x9F\x8D\x87;<ed><a0><bc><ed><bd><87>;UVAS
GREEN APPLE;🍏;\xF0\x9F\x8D\x8F;<ed><a0><bc><ed><bd><8f>;MANZANA VERDE
GREEN BOOK;📗;\xF0\x9F\x93\x97;<ed><a0><bd><ed><b3><97>;LIBRO VERDE
GREEN HEART;💚;\xF0\x9F\x92\x9A;<ed><a0><bd><ed><b2><9a>;CORAZÓN VERDE
GRIMACING FACE;😬;\xF0\x9F\x98\xAC;<ed><a0><bd><ed><b8><ac>;CARA CON DIENTES
GRINNING CAT FACE WITH SMILING EYES;😸;\xF0\x9F\x98\xB8;<ed><a0><bd><ed><b8><b8>;CARA DE GATO CON OJOS SONRIENTES
GRINNING FACE;😀;\xF0\x9F\x98\x80;<ed><a0><bd><ed><b8><80>;CARA SONRIENTE
GRINNING FACE WITH SMILING EYES;😁;\xF0\x9F\x98\x81;<ed><a0><bd><ed><b8><81>;CARA DE ENFERMO CON OJOS SONRIENTES
GROWING HEART;💗;\xF0\x9F\x92\x97;<ed><a0><bd><ed><b2><97>;CORAZON
GUARDSMAN;💂;\xF0\x9F\x92\x82;<ed><a0><bd><ed><b2><82>;GUARDIA
GUITAR;🎸;\xF0\x9F\x8E\xB8;<ed><a0><bc><ed><be><b8>;GUITARRA
HAIRCUT;💇;\xF0\x9F\x92\x87;<ed><a0><bd><ed><b2><87>;CORTE DE PELO
HAMBURGER;🍔;\xF0\x9F\x8D\x94;<ed><a0><bc><ed><bd><94>;HAMBURGUESA
HAMMER;🔨;\xF0\x9F\x94\xA8;<ed><a0><bd><ed><b4><a8>;MARTILLO
HAMSTER FACE;🐹;\xF0\x9F\x90\xB9;<ed><a0><bd><ed><b0><b9>;HAMSTER
HANDBAG;👜;\xF0\x9F\x91\x9C;<ed><a0><bd><ed><b1><9c>;BOLSO
HAPPY PERSON RAISING ONE HAND;🙋;\xF0\x9F\x99\x8B;<ed><a0><bd><ed><b9><8b>;PERSONA FELIZ QUE LEVANTA UNA MANO
HATCHING CHICK;🐣;\xF0\x9F\x90\xA3;<ed><a0><bd><ed><b0><a3>;POLLO CRUJIENTE
HEADPHONE;🎧;\xF0\x9F\x8E\xA7;<ed><a0><bc><ed><be><a7>;AURICULAR
HEAR-NO-EVIL MONKEY;🙉;\xF0\x9F\x99\x89;<ed><a0><bd><ed><b9><89>;MONO TAPANDO OREJAS
HEART DECORATION;💟;\xF0\x9F\x92\x9F;<ed><a0><bd><ed><b2><9f>;DECORACIÓN DEL CORAZÓN
HEART WITH ARROW;💘;\xF0\x9F\x92\x98;<ed><a0><bd><ed><b2><98>;CORAZÓN CON FLECHA
HEART WITH RIBBON;💝;\xF0\x9F\x92\x9D;<ed><a0><bd><ed><b2><9d>;CORAZÓN CON CINTA
HEAVY BLACK HEART;❤;\xE2\x9D\xA4;<e2><9d><a4>;CORAZÓN NEGRO
HEAVY CHECK MARK;✔;\xE2\x9C\x94;<e2><9c><94>;SÍMBOLO CHECK
HEAVY DIVISION SIGN;➗;\xE2\x9E\x97;<e2><9e><97>;SEÑAL DE DIVISIÓN
HEAVY DOLLAR SIGN;💲;\xF0\x9F\x92\xB2;<ed><a0><bd><ed><b2><b2>;SIGNO DE DÓLAR
HEAVY EXCLAMATION MARK SYMBOL;❗;\xE2\x9D\x97;<e2><9d><97>;SÍMBOLO DE EXCLAMACIÓN
HEAVY LARGE CIRCLE;⭕;\xE2\xAD\x95;<e2><ad><95>;GRAN CÍRCULO
HEAVY MINUS SIGN;➖;\xE2\x9E\x96;<e2><9e><96>;SIGNO MENOS
HEAVY MULTIPLICATION X;✖;\xE2\x9C\x96;<e2><9c><96>;MULTIPLICACIÓN
HEAVY PLUS SIGN;➕;\xE2\x9E\x95;<e2><9e><95>;SUMA
HELICOPTER;🚁;\xF0\x9F\x9A\x81;<ed><a0><bd><ed><ba><81>;HELICÓPTERO
HERB;🌿;\xF0\x9F\x8C\xBF;<ed><a0><bc><ed><bc><bf>;HIERBA
HIBISCUS;🌺;\xF0\x9F\x8C\xBA;<ed><a0><bc><ed><bc><ba>;HIBISCO
HIGH BRIGHTNESS SYMBOL;🔆;\xF0\x9F\x94\x86;<ed><a0><bd><ed><b4><86>;SÍMBOLO DE ALTO BRILLO
HIGH VOLTAGE SIGN;⚡;\xE2\x9A\xA1;<e2><9a><a1>;SEÑAL DE ALTO VOLTAJE
HIGH-HEELED SHOE;👠;\xF0\x9F\x91\xA0;<ed><a0><bd><ed><b1><a0>;ZAPATO DE TACÓN ALTO
HIGH-SPEED TRAIN;🚄;\xF0\x9F\x9A\x84;<ed><a0><bd><ed><ba><84>;TREN DE ALTA VELOCIDAD
HIGH-SPEED TRAIN WITH BULLET NOSE;🚅;\xF0\x9F\x9A\x85;<ed><a0><bd><ed><ba><85>;TREN DE ALTA VELOCIDAD CON NARIZ BULLET
HOCHO;🔪;\xF0\x9F\x94\xAA;<ed><a0><bd><ed><b4><aa>;CUCHILLO
HONEY POT;🍯;\xF0\x9F\x8D\xAF;<ed><a0><bc><ed><bd><af>;TARRO DE MIEL
HONEYBEE;🐝;\xF0\x9F\x90\x9D;<ed><a0><bd><ed><b0><9d>;ABEJA
HORIZONTAL TRAFFIC LIGHT;🚥;\xF0\x9F\x9A\xA5;<ed><a0><bd><ed><ba><a5>;LUZ DE TRÁFICO HORIZONTAL
HORSE;🐎;\xF0\x9F\x90\x8E;<ed><a0><bd><ed><b0><8e>;CABALLO
HORSE FACE;🐴;\xF0\x9F\x90\xB4;<ed><a0><bd><ed><b0><b4>;CARA DE CABALLO
HORSE RACING;🏇;\xF0\x9F\x8F\x87;<ed><a0><bc><ed><bf><87>;LAS CARRERAS DE CABALLOS
HOSPITAL;🏥;\xF0\x9F\x8F\xA5;<ed><a0><bc><ed><bf><a5>;HOSPITAL
HOT BEVERAGE;☕;\xE2\x98\x95;<e2><98><95>;BEBIDA CALIENTE
HOT SPRINGS;♨;\xE2\x99\xA8;<e2><99><a8>;AGUAS TERMALES
HOTEL;🏨;\xF0\x9F\x8F\xA8;<ed><a0><bc><ed><bf><a8>;HOTEL
HOURGLASS;⌛;\xE2\x8C\x9B;<e2><8c><9b>;RELOJ DE ARENA
HOURGLASS WITH FLOWING SAND;⏳;\xE2\x8F\xB3;<e2><8f><b3>;CRISTAL DE HORNO CON ARENA DE FLUJO
HOUSE BUILDING;🏠;\xF0\x9F\x8F\xA0;<ed><a0><bc><ed><bf><a0>;CONSTRUCCIÓN DE CASAS
HOUSE WITH GARDEN;🏡;\xF0\x9F\x8F\xA1;<ed><a0><bc><ed><bf><a1>;CASA CON JARDIN
HUNDRED POINTS SYMBOL;💯;\xF0\x9F\x92\xAF;<ed><a0><bd><ed><b2><af>;SÍMBOLO DE CIENTOS PUNTOS
HUSHED FACE;😯;\xF0\x9F\x98\xAF;<ed><a0><bd><ed><b8><af>;CARA HUSHED
ICE CREAM;🍨;\xF0\x9F\x8D\xA8;<ed><a0><bc><ed><bd><a8>;HELADO
IMP;👿;\xF0\x9F\x91\xBF;<ed><a0><bd><ed><b1><bf>;DIABLILLO
INBOX TRAY;📥;\xF0\x9F\x93\xA5;<ed><a0><bd><ed><b3><a5>;BANDEJA DE ENTRADA
INCOMING ENVELOPE;📨;\xF0\x9F\x93\xA8;<ed><a0><bd><ed><b3><a8>;CARTA ENTRANTE
INFORMATION DESK PERSON;💁;\xF0\x9F\x92\x81;<ed><a0><bd><ed><b2><81>;PERSONA CON BRAZO ALZADO
INFORMATION SOURCE;ℹ;\xE2\x84\xB9;<e2><84><b9>;SÍMBOLO DE INFORMACIÓN
INPUT SYMBOL FOR LATIN CAPITAL LETTERS;🔠;\xF0\x9F\x94\xA0;<ed><a0><bd><ed><b4><a0>;SÍMBOLO DE ENTRADA PARA LETRAS DE CAPITAL LATINO
INPUT SYMBOL FOR LATIN LETTERS;🔤;\xF0\x9F\x94\xA4;<ed><a0><bd><ed><b4><a4>;SÍMBOLO DE ENTRADA PARA LETRAS LATINAS
INPUT SYMBOL FOR LATIN SMALL LETTERS;🔡;\xF0\x9F\x94\xA1;<ed><a0><bd><ed><b4><a1>;SÍMBOLO DE ENTRADA PARA LETRAS PEQUEÑAS LATINAS
INPUT SYMBOL FOR NUMBERS;🔢;\xF0\x9F\x94\xA2;<ed><a0><bd><ed><b4><a2>;SÍMBOLO DE ENTRADA PARA NúMEROS
INPUT SYMBOL FOR SYMBOLS;🔣;\xF0\x9F\x94\xA3;<ed><a0><bd><ed><b4><a3>;SÍMBOLO DE ENTRADA DE SÍMBOLOS
IZAKAYA LANTERN;🏮;\xF0\x9F\x8F\xAE;<ed><a0><bc><ed><bf><ae>;LINTERNA ESPECIAL
JACK-O-LANTERN;🎃;\xF0\x9F\x8E\x83;<ed><a0><bc><ed><be><83>;CALABAZA
JAPANESE CASTLE;🏯;\xF0\x9F\x8F\xAF;<ed><a0><bc><ed><bf><af>;CASTILLO JAPONÉS
JAPANESE DOLLS;🎎;\xF0\x9F\x8E\x8E;<ed><a0><bc><ed><be><8e>;MUÑECAS JAPONESAS
JAPANESE GOBLIN;👺;\xF0\x9F\x91\xBA;<ed><a0><bd><ed><b1><ba>;GOBLIN JAPONÉS
JAPANESE OGRE;👹;\xF0\x9F\x91\xB9;<ed><a0><bd><ed><b1><b9>;OGRE JAPONÉS
JAPANESE POST OFFICE;🏣;\xF0\x9F\x8F\xA3;<ed><a0><bc><ed><bf><a3>;OFICINA JAPONESA
JAPANESE SYMBOL FOR BEGINNER;🔰;\xF0\x9F\x94\xB0;<ed><a0><bd><ed><b4><b0>;SÍMBOLO JAPONÉS PARA EL COMIENZO
JEANS;👖;\xF0\x9F\x91\x96;<ed><a0><bd><ed><b1><96>;PANTALONES
KEY;🔑;\xF0\x9F\x94\x91;<ed><a0><bd><ed><b4><91>;LLAVE
KEYCAP TEN;🔟;\xF0\x9F\x94\x9F;<ed><a0><bd><ed><b4><9f>;KEYCAP DIEZ
KIMONO;👘;\xF0\x9F\x91\x98;<ed><a0><bd><ed><b1><98>;KIMONO
KISS;💏;\xF0\x9F\x92\x8F;<ed><a0><bd><ed><b2><8f>;BESO
KISS MARK;💋;\xF0\x9F\x92\x8B;<ed><a0><bd><ed><b2><8b>;MARCA DE BESO
KISSING CAT FACE WITH CLOSED EYES;😽;\xF0\x9F\x98\xBD;<ed><a0><bd><ed><b8><bd>;BESO DE CARA DE CAT CON OJOS CERRADOS
KISSING FACE;😗;\xF0\x9F\x98\x97;<ed><a0><bd><ed><b8><97>;BESO DE CARA
KISSING FACE WITH CLOSED EYES;😚;\xF0\x9F\x98\x9A;<ed><a0><bd><ed><b8><9a>;BESO DE CARA CON OJOS CERRADOS
KISSING FACE WITH SMILING EYES;😙;\xF0\x9F\x98\x99;<ed><a0><bd><ed><b8><99>;BESO DE CARA CON OJOS SONRIENTES
KOALA;🐨;\xF0\x9F\x90\xA8;<ed><a0><bd><ed><b0><a8>;COALA
LADY BEETLE;🐞;\xF0\x9F\x90\x9E;<ed><a0><bd><ed><b0><9e>;SEÑORA BEETLE
LARGE BLUE CIRCLE;🔵;\xF0\x9F\x94\xB5;<ed><a0><bd><ed><b4><b5>;GRAN CÍRCULO AZUL
LARGE BLUE DIAMOND;🔷;\xF0\x9F\x94\xB7;<ed><a0><bd><ed><b4><b7>;GRAN DIAMANTE AZUL
LARGE ORANGE DIAMOND;🔶;\xF0\x9F\x94\xB6;<ed><a0><bd><ed><b4><b6>;DIAMANTE ANARANJADO GRANDE
LARGE RED CIRCLE;🔴;\xF0\x9F\x94\xB4;<ed><a0><bd><ed><b4><b4>;CÍRCULO ROJO GRANDE
LAST QUARTER MOON SYMBOL;🌗;\xF0\x9F\x8C\x97;<ed><a0><bc><ed><bc><97>;SÍMBOLO DE LA LUNA DEL ÚLTIMO TRIMESTRE
LAST QUARTER MOON WITH FACE;🌜;\xF0\x9F\x8C\x9C;<ed><a0><bc><ed><bc><9c>;LUNA DEL ÚLTIMO TRIMESTRE CON CARA
LEAF FLUTTERING IN WIND;🍃;\xF0\x9F\x8D\x83;<ed><a0><bc><ed><bd><83>;FLUTTERING DE LA HOJA EN VIENTO
LEDGER;📒;\xF0\x9F\x93\x92;<ed><a0><bd><ed><b3><92>;LIBRO MAYOR
LEFT LUGGAGE;🛅;\xF0\x9F\x9B\x85;<ed><a0><bd><ed><bb><85>;DEJAR EQUIPAJE
LEFT RIGHT ARROW;↔;\xE2\x86\x94;<e2><86><94>;FLECHA IZQUIERDA DERECHA
LEFT-POINTING MAGNIFYING GLASS;🔍;\xF0\x9F\x94\x8D;<ed><a0><bd><ed><b4><8d>;VIDRIO MAGNIFICADO A LA IZQUIERDA
LEFTWARDS ARROW WITH HOOK;↩;\xE2\x86\xA9;<e2><86><a9>;FLECHA IZQUIERDA CON GANCHO
LEFTWARDS BLACK ARROW;⬅;\xE2\xAC\x85;<e2><ac><85>;FLECHA NEGRA IZQUIERDA
LEMON;🍋;\xF0\x9F\x8D\x8B;<ed><a0><bc><ed><bd><8b>;LIMÓN
LEO;♌;\xE2\x99\x8C;<e2><99><8c>;LEÓN
LEOPARD;🐆;\xF0\x9F\x90\x86;<ed><a0><bd><ed><b0><86>;LEOPARDO
LIBRA;♎;\xE2\x99\x8E;<e2><99><8e>;LIBRA
LIGHT RAIL;🚈;\xF0\x9F\x9A\x88;<ed><a0><bd><ed><ba><88>;TREN LIGERO
LINK SYMBOL;🔗;\xF0\x9F\x94\x97;<ed><a0><bd><ed><b4><97>;SÍMBOLO DE LINK
LIPSTICK;💄;\xF0\x9F\x92\x84;<ed><a0><bd><ed><b2><84>;LÁPIZ LABIAL
LOCK;🔒;\xF0\x9F\x94\x92;<ed><a0><bd><ed><b4><92>;BLOQUEAR
LOCK WITH INK PEN;🔏;\xF0\x9F\x94\x8F;<ed><a0><bd><ed><b4><8f>;BLOQUEO CON TAPA DE TINTA
LOLLIPOP;🍭;\xF0\x9F\x8D\xAD;<ed><a0><bc><ed><bd><ad>;CHUPETE
LOUDLY CRYING FACE;😭;\xF0\x9F\x98\xAD;<ed><a0><bd><ed><b8><ad>;CARA ALOJAMENTE LLORANTE
LOVE HOTEL;🏩;\xF0\x9F\x8F\xA9;<ed><a0><bc><ed><bf><a9>;HOTEL DEL AMOR
LOVE LETTER;💌;\xF0\x9F\x92\x8C;<ed><a0><bd><ed><b2><8c>;CARTA DE AMOR
LOW BRIGHTNESS SYMBOL;🔅;\xF0\x9F\x94\x85;<ed><a0><bd><ed><b4><85>;SÍMBOLO DE BAJO BRILLO
MAHJONG TILE RED DRAGON;🀄;\xF0\x9F\x80\x84;<ed><a0><bc><ed><b0><84>;DRAGÓN ROJO DEL AZULEJO DE MAHJONG
MAN;👨;\xF0\x9F\x91\xA8;<ed><a0><bd><ed><b1><a8>;HOMBRE
MAN AND WOMAN HOLDING HANDS;👫;\xF0\x9F\x91\xAB;<ed><a0><bd><ed><b1><ab>;HOMBRE Y MUJER QUE SOSTIENEN LAS MANOS
MAN WITH GUA PI MAO;👲;\xF0\x9F\x91\xB2;<ed><a0><bd><ed><b1><b2>;HOMBRE CON GUA PI MAO
MAN WITH TURBAN;👳;\xF0\x9F\x91\xB3;<ed><a0><bd><ed><b1><b3>;HOMBRE CON TURBAN
MANS SHOE;👞;\xF0\x9F\x91\x9E;<ed><a0><bd><ed><b1><9e>;ZAPATO
MAPLE LEAF;🍁;\xF0\x9F\x8D\x81;<ed><a0><bc><ed><bd><81>;HOJA DE ARCE
MEAT ON BONE;🍖;\xF0\x9F\x8D\x96;<ed><a0><bc><ed><bd><96>;CARNE CRUDA
MEDIUM BLACK CIRCLE;⚫;\xE2\x9A\xAB;<e2><9a><ab>;CÍRCULO NEGRO MEDIO
MEDIUM WHITE CIRCLE;⚪;\xE2\x9A\xAA;<e2><9a><aa>;CIRCULO MEDIO BLANCO
MELON;🍈;\xF0\x9F\x8D\x88;<ed><a0><bc><ed><bd><88>;MELÓN
MEMO;📝;\xF0\x9F\x93\x9D;<ed><a0><bd><ed><b3><9d>;MEMORÁNDUM
MENS SYMBOL;🚹;\xF0\x9F\x9A\xB9;<ed><a0><bd><ed><ba><b9>;SÍMBOLO DE LOS HOMBRES
METRO;🚇;\xF0\x9F\x9A\x87;<ed><a0><bd><ed><ba><87>;METRO
MICROPHONE;🎤;\xF0\x9F\x8E\xA4;<ed><a0><bc><ed><be><a4>;MICRÓFONO
MICROSCOPE;🔬;\xF0\x9F\x94\xAC;<ed><a0><bd><ed><b4><ac>;MICROSCOPIO
MILKY WAY;🌌;\xF0\x9F\x8C\x8C;<ed><a0><bc><ed><bc><8c>;VÍA LÁCTEA
MINIBUS;🚐;\xF0\x9F\x9A\x90;<ed><a0><bd><ed><ba><90>;MICROBÚS
MINIDISC;💽;\xF0\x9F\x92\xBD;<ed><a0><bd><ed><b2><bd>;DISCO PLATEADO
MOBILE PHONE;📱;\xF0\x9F\x93\xB1;<ed><a0><bd><ed><b3><b1>;TELÉFONO MÓVIL
MOBILE PHONE OFF;📴;\xF0\x9F\x93\xB4;<ed><a0><bd><ed><b3><b4>;TELÉFONO MÓVIL APAGADO
MOBILE PHONE WITH RIGHTWARDS ARROW AT LEFT;📲;\xF0\x9F\x93\xB2;<ed><a0><bd><ed><b3><b2>;TELÉFONO MÓVIL CON FLECHA DERECHA A LA IZQUIERDA
MONEY BAG;💰;\xF0\x9F\x92\xB0;<ed><a0><bd><ed><b2><b0>;BOLSA DE DINERO
MONEY WITH WINGS;💸;\xF0\x9F\x92\xB8;<ed><a0><bd><ed><b2><b8>;DINERO CON ALAS
MONKEY;🐒;\xF0\x9F\x90\x92;<ed><a0><bd><ed><b0><92>;MONO
MONKEY FACE;🐵;\xF0\x9F\x90\xB5;<ed><a0><bd><ed><b0><b5>;CARA DE MONO
MONORAIL;🚝;\xF0\x9F\x9A\x9D;<ed><a0><bd><ed><ba><9d>;MONOCARRIL
MOON VIEWING CEREMONY;🎑;\xF0\x9F\x8E\x91;<ed><a0><bc><ed><be><91>;CEREMONIA DE VISIÓN DE LA LUNA
MOUNT FUJI;🗻;\xF0\x9F\x97\xBB;<ed><a0><bd><ed><b7><bb>;MONTE FUJI
MOUNTAIN BICYCLIST;🚵;\xF0\x9F\x9A\xB5;<ed><a0><bd><ed><ba><b5>;BICICLETA DE MONTAÑA
MOUNTAIN CABLEWAY;🚠;\xF0\x9F\x9A\xA0;<ed><a0><bd><ed><ba><a0>;CABLEWAY DE MONTAÑA
MOUNTAIN RAILWAY;🚞;\xF0\x9F\x9A\x9E;<ed><a0><bd><ed><ba><9e>;FERROCARRIL DE MONTAÑA
MOUSE;🐁;\xF0\x9F\x90\x81;<ed><a0><bd><ed><b0><81>;RATÓN
MOUSE FACE;🐭;\xF0\x9F\x90\xAD;<ed><a0><bd><ed><b0><ad>;CARA DE RATÓN
MOUTH;👄;\xF0\x9F\x91\x84;<ed><a0><bd><ed><b1><84>;BOCA
MOVIE CAMERA;🎥;\xF0\x9F\x8E\xA5;<ed><a0><bc><ed><be><a5>;CÁMARA DE PELÍCULAS
MOYAI;🗿;\xF0\x9F\x97\xBF;<ed><a0><bd><ed><b7><bf>;MOYAI
MULTIPLE MUSICAL NOTES;🎶;\xF0\x9F\x8E\xB6;<ed><a0><bc><ed><be><b6>;MÚLTIPLES NOTAS MUSICALES
MUSHROOM;🍄;\xF0\x9F\x8D\x84;<ed><a0><bc><ed><bd><84>;SETA
MUSICAL KEYBOARD;🎹;\xF0\x9F\x8E\xB9;<ed><a0><bc><ed><be><b9>;TECLADO MUSICAL
MUSICAL NOTE;🎵;\xF0\x9F\x8E\xB5;<ed><a0><bc><ed><be><b5>;NOTA MUSICAL
MUSICAL SCORE;🎼;\xF0\x9F\x8E\xBC;<ed><a0><bc><ed><be><bc>;PUNTUACIÓN MUSICAL
NAIL POLISH;💅;\xF0\x9F\x92\x85;<ed><a0><bd><ed><b2><85>;ESMALTE DE UÑAS
NAME BADGE;📛;\xF0\x9F\x93\x9B;<ed><a0><bd><ed><b3><9b>;INSIGNIA DE IDENTIFICACIÓN
NECKTIE;👔;\xF0\x9F\x91\x94;<ed><a0><bd><ed><b1><94>;CORBATA
NEGATIVE SQUARED AB;🆎;\xF0\x9F\x86\x8E;<ed><a0><bc><ed><b6><8e>;LETRAS AB
NEGATIVE SQUARED CROSS MARK;❎;\xE2\x9D\x8E;<e2><9d><8e>;MARCA CRUZADA CUADRADA NEGATIVA
NEGATIVE SQUARED LATIN CAPITAL LETTER A;🅰;\xF0\x9F\x85\xB0;<ed><a0><bc><ed><b5><b0>;LETRA A
NEGATIVE SQUARED LATIN CAPITAL LETTER B;🅱;\xF0\x9F\x85\xB1;<ed><a0><bc><ed><b5><b1>;LETRA B
NEGATIVE SQUARED LATIN CAPITAL LETTER O;🅾;\xF0\x9F\x85\xBE;<ed><a0><bc><ed><b5><be>;LETRA O
NEGATIVE SQUARED LATIN CAPITAL LETTER P;🅿;\xF0\x9F\x85\xBF;<ed><a0><bc><ed><b5><bf>;LETRA P
NEUTRAL FACE;😐;\xF0\x9F\x98\x90;<ed><a0><bd><ed><b8><90>;CARA NEUTRA
NEW MOON SYMBOL;🌑;\xF0\x9F\x8C\x91;<ed><a0><bc><ed><bc><91>;NUEVO SÍMBOLO DE LA LUNA
NEW MOON WITH FACE;🌚;\xF0\x9F\x8C\x9A;<ed><a0><bc><ed><bc><9a>;NUEVA LUNA CON CARA
NEWSPAPER;📰;\xF0\x9F\x93\xB0;<ed><a0><bd><ed><b3><b0>;PERIÓDICO
NIGHT WITH STARS;🌃;\xF0\x9F\x8C\x83;<ed><a0><bc><ed><bc><83>;NOCHE CON ESTRELLAS
NO BICYCLES;🚳;\xF0\x9F\x9A\xB3;<ed><a0><bd><ed><ba><b3>;NO BICICLETAS
NO ENTRY;⛔;\xE2\x9B\x94;<e2><9b><94>;NO HAY ENTRADA
NO ENTRY SIGN;🚫;\xF0\x9F\x9A\xAB;<ed><a0><bd><ed><ba><ab>;NINGUNA MUESTRA DE LA ENTRADA
NO MOBILE PHONES;📵;\xF0\x9F\x93\xB5;<ed><a0><bd><ed><b3><b5>;NO HAY TELÉFONOS MÓVILES
NO ONE UNDER EIGHTEEN SYMBOL;🔞;\xF0\x9F\x94\x9E;<ed><a0><bd><ed><b4><9e>;NINGÚN SÍMBOLO DE DÉCIMO OCTAVO
NO PEDESTRIANS;🚷;\xF0\x9F\x9A\xB7;<ed><a0><bd><ed><ba><b7>;PROHIBIDOS LOS PEATONES
NO SMOKING SYMBOL;🚭;\xF0\x9F\x9A\xAD;<ed><a0><bd><ed><ba><ad>;SÍMBOLO DE NO FUMAR
NON-POTABLE WATER SYMBOL;🚱;\xF0\x9F\x9A\xB1;<ed><a0><bd><ed><ba><b1>;SÍMBOLO DE AGUA NO POTABLE
NORTH EAST ARROW;↗;\xE2\x86\x97;<e2><86><97>;FLECHA DEL NORTE ORIENTE
NORTH WEST ARROW;↖;\xE2\x86\x96;<e2><86><96>;FLECHA DEL NORTE OESTE
NOSE;👃;\xF0\x9F\x91\x83;<ed><a0><bd><ed><b1><83>;NARIZ
NOTEBOOK;📓;\xF0\x9F\x93\x93;<ed><a0><bd><ed><b3><93>;CUADERNO
NOTEBOOK WITH DECORATIVE COVER;📔;\xF0\x9F\x93\x94;<ed><a0><bd><ed><b3><94>;CUADERNO CON CUBIERTA DECORATIVA
NUMBER SIGN + COMBINING ENCLOSING KEYCAP;#⃣;\x23\xE2\x83\xA3;#<e2><83><a3>;ALMOHADILLA
NUT AND BOLT;🔩;\xF0\x9F\x94\xA9;<ed><a0><bd><ed><b4><a9>;TUERCA Y EL PERNO
OCTOPUS;🐙;\xF0\x9F\x90\x99;<ed><a0><bd><ed><b0><99>;PULPO
ODEN;🍢;\xF0\x9F\x8D\xA2;<ed><a0><bc><ed><bd><a2>;ODEN
OFFICE BUILDING;🏢;\xF0\x9F\x8F\xA2;<ed><a0><bc><ed><bf><a2>;EDIFICIO DE OFICINAS
OK HAND SIGN;👌;\xF0\x9F\x91\x8C;<ed><a0><bd><ed><b1><8c>;MANOS HACIENDO OK
OLDER MAN;👴;\xF0\x9F\x91\xB4;<ed><a0><bd><ed><b1><b4>;HOMBRE MAYOR
OLDER WOMAN;👵;\xF0\x9F\x91\xB5;<ed><a0><bd><ed><b1><b5>;MUJER MAYOR
ON WITH EXCLAMATION MARK WITH LEFT RIGHT ARROW ABOVE;🔛;\xF0\x9F\x94\x9B;<ed><a0><bd><ed><b4><9b>;SIMBOLO ON DERECHA IZQUIERDA
ONCOMING AUTOMOBILE;🚘;\xF0\x9F\x9A\x98;<ed><a0><bd><ed><ba><98>;AUTOMÓVIL
ONCOMING BUS;🚍;\xF0\x9F\x9A\x8D;<ed><a0><bd><ed><ba><8d>;AUTOBÚS
ONCOMING POLICE CAR;🚔;\xF0\x9F\x9A\x94;<ed><a0><bd><ed><ba><94>;COCHE DE POLICÍA
ONCOMING TAXI;🚖;\xF0\x9F\x9A\x96;<ed><a0><bd><ed><ba><96>;TAXI
OPEN BOOK;📖;\xF0\x9F\x93\x96;<ed><a0><bd><ed><b3><96>;LIBRO ABIERTO
OPEN FILE FOLDER;📂;\xF0\x9F\x93\x82;<ed><a0><bd><ed><b3><82>;CARPETA DE ARCHIVO ABIERTA
OPEN HANDS SIGN;👐;\xF0\x9F\x91\x90;<ed><a0><bd><ed><b1><90>;MUESTRA DE LAS MANOS ABIERTAS
OPEN LOCK;🔓;\xF0\x9F\x94\x93;<ed><a0><bd><ed><b4><93>;CERRADURA ABIERTA
OPEN MAILBOX WITH LOWERED FLAG;📭;\xF0\x9F\x93\xAD;<ed><a0><bd><ed><b3><ad>;CAJA DE CORREO ABIERTA CON BANDERA INFERIOR
OPEN MAILBOX WITH RAISED FLAG;📬;\xF0\x9F\x93\xAC;<ed><a0><bd><ed><b3><ac>;CAJA DE CORREO ABIERTA CON LA BANDERA AUMENTADA
OPTICAL DISC;💿;\xF0\x9F\x92\xBF;<ed><a0><bd><ed><b2><bf>;DISCO ÓPTICO
ORANGE BOOK;📙;\xF0\x9F\x93\x99;<ed><a0><bd><ed><b3><99>;LIBRO ANARANJADO
OUTBOX TRAY;📤;\xF0\x9F\x93\xA4;<ed><a0><bd><ed><b3><a4>;BANDEJA DE SALIDA
OX;🐂;\xF0\x9F\x90\x82;<ed><a0><bd><ed><b0><82>;BUEY
PACKAGE;📦;\xF0\x9F\x93\xA6;<ed><a0><bd><ed><b3><a6>;PAQUETE
PAGE FACING UP;📄;\xF0\x9F\x93\x84;<ed><a0><bd><ed><b3><84>;PÁGINA ENFRENTANDO
PAGE WITH CURL;📃;\xF0\x9F\x93\x83;<ed><a0><bd><ed><b3><83>;PÁGINA CON CURL
PAGER;📟;\xF0\x9F\x93\x9F;<ed><a0><bd><ed><b3><9f>;BUSCAPERSONAS
PALM TREE;🌴;\xF0\x9F\x8C\xB4;<ed><a0><bc><ed><bc><b4>;PALMERA
PANDA FACE;🐼;\xF0\x9F\x90\xBC;<ed><a0><bd><ed><b0><bc>;PANDA CARA
PAPERCLIP;📎;\xF0\x9F\x93\x8E;<ed><a0><bd><ed><b3><8e>;CLIP DE PAPEL
PART ALTERNATION MARK;〽;\xE3\x80\xBD;<e3><80><bd>;PARTE MARCA DE ALTERNACION
PARTY POPPER;🎉;\xF0\x9F\x8E\x89;<ed><a0><bc><ed><be><89>;AGUAFIESTAS
PASSPORT CONTROL;🛂;\xF0\x9F\x9B\x82;<ed><a0><bd><ed><bb><82>;CONTROL DE PASAPORTES
PAW PRINTS;🐾;\xF0\x9F\x90\xBE;<ed><a0><bd><ed><b0><be>;HUELLAS DE GARRAS
PEACH;🍑;\xF0\x9F\x8D\x91;<ed><a0><bc><ed><bd><91>;MELOCOTÓN
PEAR;🍐;\xF0\x9F\x8D\x90;<ed><a0><bc><ed><bd><90>;PERA
PEDESTRIAN;🚶;\xF0\x9F\x9A\xB6;<ed><a0><bd><ed><ba><b6>;PEATONAL
PENCIL;✏;\xE2\x9C\x8F;<e2><9c><8f>;LÁPIZ
PENGUIN;🐧;\xF0\x9F\x90\xA7;<ed><a0><bd><ed><b0><a7>;PINGÜINO
PENSIVE FACE;😔;\xF0\x9F\x98\x94;<ed><a0><bd><ed><b8><94>;CARA DE PENA
PERFORMING ARTS;🎭;\xF0\x9F\x8E\xAD;<ed><a0><bc><ed><be><ad>;LAS ARTES ESCÉNICAS
PERSEVERING FACE;😣;\xF0\x9F\x98\xA3;<ed><a0><bd><ed><b8><a3>;CARA ENFADADA
PERSON BOWING DEEPLY;🙇;\xF0\x9F\x99\x87;<ed><a0><bd><ed><b9><87>;PERSONA PENSANDO
PERSON FROWNING;🙍;\xF0\x9F\x99\x8D;<ed><a0><bd><ed><b9><8d>;PERSONA
PERSON RAISING BOTH HANDS IN CELEBRATION;🙌;\xF0\x9F\x99\x8C;<ed><a0><bd><ed><b9><8c>;PERSONA QUE LEVANTA AMBAS MANOS EN CELEBRACIÓN
PERSON WITH BLOND HAIR;👱;\xF0\x9F\x91\xB1;<ed><a0><bd><ed><b1><b1>;PERSONA CON PELO RUBIO
PERSON WITH FOLDED HANDS;🙏;\xF0\x9F\x99\x8F;<ed><a0><bd><ed><b9><8f>;PERSONA CON MANOS PLEGABLES
PERSON WITH POUTING FACE;🙎;\xF0\x9F\x99\x8E;<ed><a0><bd><ed><b9><8e>;PERSONA CON ROSTRO
PERSONAL COMPUTER;💻;\xF0\x9F\x92\xBB;<ed><a0><bd><ed><b2><bb>;COMPUTADORA PERSONAL
PIG;🐖;\xF0\x9F\x90\x96;<ed><a0><bd><ed><b0><96>;CERDO
PIG FACE;🐷;\xF0\x9F\x90\xB7;<ed><a0><bd><ed><b0><b7>;CARA DE PUERCO
PIG NOSE;🐽;\xF0\x9F\x90\xBD;<ed><a0><bd><ed><b0><bd>;NARIZ DE CERDO
PILE OF POO;💩;\xF0\x9F\x92\xA9;<ed><a0><bd><ed><b2><a9>;PILA DE POO
PILL;💊;\xF0\x9F\x92\x8A;<ed><a0><bd><ed><b2><8a>;PÍLDORA
PINE DECORATION;🎍;\xF0\x9F\x8E\x8D;<ed><a0><bc><ed><be><8d>;DECORACION DEL PINO
PINEAPPLE;🍍;\xF0\x9F\x8D\x8D;<ed><a0><bc><ed><bd><8d>;PIÑA
PISCES;♓;\xE2\x99\x93;<e2><99><93>;PISCIS
PISTOL;🔫;\xF0\x9F\x94\xAB;<ed><a0><bd><ed><b4><ab>;PISTOLA
PLAYING CARD BLACK JOKER;🃏;\xF0\x9F\x83\x8F;<ed><a0><bc><ed><b3><8f>;TARJETA DE JUGAR NEGRA JOKER
POLICE CAR;🚓;\xF0\x9F\x9A\x93;<ed><a0><bd><ed><ba><93>;COCHE DE POLICÍA
POLICE CARS REVOLVING LIGHT;🚨;\xF0\x9F\x9A\xA8;<ed><a0><bd><ed><ba><a8>;COCHES DE POLICÍA LUZ ROTATORIA
POLICE OFFICER;👮;\xF0\x9F\x91\xAE;<ed><a0><bd><ed><b1><ae>;OFICIAL DE POLICIA
POODLE;🐩;\xF0\x9F\x90\xA9;<ed><a0><bd><ed><b0><a9>;CANICHE
POSTAL HORN;📯;\xF0\x9F\x93\xAF;<ed><a0><bd><ed><b3><af>;POSTAL HORN
POSTBOX;📮;\xF0\x9F\x93\xAE;<ed><a0><bd><ed><b3><ae>;BUZÓN
POT OF FOOD;🍲;\xF0\x9F\x8D\xB2;<ed><a0><bc><ed><bd><b2>;POT DE ALIMENTOS
POTABLE WATER SYMBOL;🚰;\xF0\x9F\x9A\xB0;<ed><a0><bd><ed><ba><b0>;SÍMBOLO DE AGUA POTABLE
POUCH;👝;\xF0\x9F\x91\x9D;<ed><a0><bd><ed><b1><9d>;BOLSA
POULTRY LEG;🍗;\xF0\x9F\x8D\x97;<ed><a0><bc><ed><bd><97>;MUSLO CON CARNE
POUTING CAT FACE;😾;\xF0\x9F\x98\xBE;<ed><a0><bd><ed><b8><be>;CARA DEL GATO
POUTING FACE;😡;\xF0\x9F\x98\xA1;<ed><a0><bd><ed><b8><a1>;CARA ROJA ENFADO
PRINCESS;👸;\xF0\x9F\x91\xB8;<ed><a0><bd><ed><b1><b8>;PRINCESA
PUBLIC ADDRESS LOUDSPEAKER;📢;\xF0\x9F\x93\xA2;<ed><a0><bd><ed><b3><a2>;ALTAVOZ
PURPLE HEART;💜;\xF0\x9F\x92\x9C;<ed><a0><bd><ed><b2><9c>;CORAZÓN PURPURA
PURSE;👛;\xF0\x9F\x91\x9B;<ed><a0><bd><ed><b1><9b>;BOLSO
PUSHPIN;📌;\xF0\x9F\x93\x8C;<ed><a0><bd><ed><b3><8c>;CHINCHETA
PUT LITTER IN ITS PLACE SYMBOL;🚮;\xF0\x9F\x9A\xAE;<ed><a0><bd><ed><ba><ae>;COLOQUE LA LETRA EN SU SÍMBOLO DE LUGAR
RABBIT;🐇;\xF0\x9F\x90\x87;<ed><a0><bd><ed><b0><87>;CONEJO
RABBIT FACE;🐰;\xF0\x9F\x90\xB0;<ed><a0><bd><ed><b0><b0>;CARA DEL CONEJO
RADIO;📻;\xF0\x9F\x93\xBB;<ed><a0><bd><ed><b3><bb>;RADIO
RADIO BUTTON;🔘;\xF0\x9F\x94\x98;<ed><a0><bd><ed><b4><98>;BOTON DE RADIO
RAILWAY CAR;🚃;\xF0\x9F\x9A\x83;<ed><a0><bd><ed><ba><83>;COCHE FERROVIARIO
RAINBOW;🌈;\xF0\x9F\x8C\x88;<ed><a0><bc><ed><bc><88>;ARCO IRIS
RAISED FIST;✊;\xE2\x9C\x8A;<e2><9c><8a>;PUÑO LEVANTADO
RAISED HAND;✋;\xE2\x9C\x8B;<e2><9c><8b>;MANO LEVANTADA
RAM;🐏;\xF0\x9F\x90\x8F;<ed><a0><bd><ed><b0><8f>;CABRA
RAT;🐀;\xF0\x9F\x90\x80;<ed><a0><bd><ed><b0><80>;RATA
RECREATIONAL VEHICLE;🚙;\xF0\x9F\x9A\x99;<ed><a0><bd><ed><ba><99>;VEHÍCULO
RED APPLE;🍎;\xF0\x9F\x8D\x8E;<ed><a0><bc><ed><bd><8e>;MANZANA ROJA
REGIONAL INDICATOR SYMBOL LETTER C + REGIONAL INDICATOR SYMBOL LETTER N;🇨🇳;\xF0\x9F\x87\xA8\xF0\x9F\x87\xB3;<ed><a0><bc><ed><b7><a8><ed><a0><bc><ed><b7><b3>;INDICADOR REGIONAL SÍMBOLO CARTA C + INDICADOR REGIONAL SÍMBOLO CARTA N
REGIONAL INDICATOR SYMBOL LETTER D + REGIONAL INDICATOR SYMBOL LETTER E;🇩🇪;\xF0\x9F\x87\xA9\xF0\x9F\x87\xAA;<ed><a0><bc><ed><b7><a9><ed><a0><bc><ed><b7><aa>;INDICADOR REGIONAL SÍMBOLO CARTA D + INDICADOR REGIONAL SÍMBOLO CARTA E
REGIONAL INDICATOR SYMBOL LETTER E + REGIONAL INDICATOR SYMBOL LETTER S;🇪🇸;\xF0\x9F\x87\xAA\xF0\x9F\x87\xB8;<ed><a0><bc><ed><b7><aa><ed><a0><bc><ed><b7><b8>;INDICADOR REGIONAL SÍMBOLO CARTA E + INDICADOR REGIONAL SÍMBOLO CARTA S
REGIONAL INDICATOR SYMBOL LETTER F + REGIONAL INDICATOR SYMBOL LETTER R;🇫🇷;\xF0\x9F\x87\xAB\xF0\x9F\x87\xB7;<ed><a0><bc><ed><b7><ab><ed><a0><bc><ed><b7><b7>;INDICADOR REGIONAL SÍMBOLO CARTA F + INDICADOR REGIONAL SÍMBOLO CARTA R
REGIONAL INDICATOR SYMBOL LETTER G + REGIONAL INDICATOR SYMBOL LETTER B;🇬🇧;\xF0\x9F\x87\xAC\xF0\x9F\x87\xA7;<ed><a0><bc><ed><b7><ac><ed><a0><bc><ed><b7><a7>;INDICADOR REGIONAL SÍMBOLO CARTA G + INDICADOR REGIONAL SÍMBOLO CARTA B
REGIONAL INDICATOR SYMBOL LETTER I + REGIONAL INDICATOR SYMBOL LETTER T;🇮🇹;\xF0\x9F\x87\xAE\xF0\x9F\x87\xB9;<ed><a0><bc><ed><b7><ae><ed><a0><bc><ed><b7><b9>;INDICADOR REGIONAL SÍMBOLO CARTA I + INDICADOR REGIONAL SÍMBOLO CARTA T
REGIONAL INDICATOR SYMBOL LETTER J + REGIONAL INDICATOR SYMBOL LETTER P;🇯🇵;\xF0\x9F\x87\xAF\xF0\x9F\x87\xB5;<ed><a0><bc><ed><b7><af><ed><a0><bc><ed><b7><b5>;INDICADOR REGIONAL SÍMBOLO CARTA J + INDICADOR REGIONAL SÍMBOLO CARTA P
REGIONAL INDICATOR SYMBOL LETTER K + REGIONAL INDICATOR SYMBOL LETTER R;🇰🇷;\xF0\x9F\x87\xB0\xF0\x9F\x87\xB7;<ed><a0><bc><ed><b7><b0><ed><a0><bc><ed><b7><b7>;INDICADOR REGIONAL SÍMBOLO CARTA K + INDICADOR REGIONAL SÍMBOLO CARTA R
REGIONAL INDICATOR SYMBOL LETTER R + REGIONAL INDICATOR SYMBOL LETTER U;🇷🇺;\xF0\x9F\x87\xB7\xF0\x9F\x87\xBA;<ed><a0><bc><ed><b7><b7><ed><a0><bc><ed><b7><ba>;INDICADOR REGIONAL SÍMBOLO CARTA R + INDICADOR REGIONAL SÍMBOLO CARTA U
REGIONAL INDICATOR SYMBOL LETTER U + REGIONAL INDICATOR SYMBOL LETTER S;🇺🇸;\xF0\x9F\x87\xBA\xF0\x9F\x87\xB8;<ed><a0><bc><ed><b7><ba><ed><a0><bc><ed><b7><b8>;INDICADOR REGIONAL SÍMBOLO LETRA U + INDICADOR REGIONAL SÍMBOLO CARTA S
REGISTERED SIGN;®;\xC2\xAE;<c2><ae>;SEÑAL REGISTRADA
RELIEVED FACE;😌;\xF0\x9F\x98\x8C;<ed><a0><bd><ed><b8><8c>;CARA ALIVIADA
RESTROOM;🚻;\xF0\x9F\x9A\xBB;<ed><a0><bd><ed><ba><bb>;AREA DE ASEO
REVOLVING HEARTS;💞;\xF0\x9F\x92\x9E;<ed><a0><bd><ed><b2><9e>;CORAZONES GIRATORIOS
RIBBON;🎀;\xF0\x9F\x8E\x80;<ed><a0><bc><ed><be><80>;CINTA
RICE BALL;🍙;\xF0\x9F\x8D\x99;<ed><a0><bc><ed><bd><99>;BOLA DE ARROZ
RICE CRACKER;🍘;\xF0\x9F\x8D\x98;<ed><a0><bc><ed><bd><98>;GALLETA DE ARROZ
RIGHT-POINTING MAGNIFYING GLASS;🔎;\xF0\x9F\x94\x8E;<ed><a0><bd><ed><b4><8e>;VIDRIO MAGNIFICADOR DE DERECHO
RIGHTWARDS ARROW WITH HOOK;↪;\xE2\x86\xAA;<e2><86><aa>;FLECHA DERECHA CON GANCHO
RING;💍;\xF0\x9F\x92\x8D;<ed><a0><bd><ed><b2><8d>;ANILLO
ROASTED SWEET POTATO;🍠;\xF0\x9F\x8D\xA0;<ed><a0><bc><ed><bd><a0>;PATATA DULCE ASADA
ROCKET;🚀;\xF0\x9F\x9A\x80;<ed><a0><bd><ed><ba><80>;COHETE
ROLLER COASTER;🎢;\xF0\x9F\x8E\xA2;<ed><a0><bc><ed><be><a2>;MONTAÑA RUSA
ROOSTER;🐓;\xF0\x9F\x90\x93;<ed><a0><bd><ed><b0><93>;GALLO
ROSE;🌹;\xF0\x9F\x8C\xB9;<ed><a0><bc><ed><bc><b9>;ROSA
ROUND PUSHPIN;📍;\xF0\x9F\x93\x8D;<ed><a0><bd><ed><b3><8d>;PUSHPIN RONDA
ROWBOAT;🚣;\xF0\x9F\x9A\xA3;<ed><a0><bd><ed><ba><a3>;BOTE DE REMOS
RUGBY FOOTBALL;🏉;\xF0\x9F\x8F\x89;<ed><a0><bc><ed><bf><89>;FÚTBOL DEL RUGBY
RUNNER;🏃;\xF0\x9F\x8F\x83;<ed><a0><bc><ed><bf><83>;CORREDOR
RUNNING SHIRT WITH SASH;🎽;\xF0\x9F\x8E\xBD;<ed><a0><bc><ed><be><bd>;CAMISA RUNNING CON SASH
SAGITTARIUS;♐;\xE2\x99\x90;<e2><99><90>;SAGITARIO
SAILBOAT;⛵;\xE2\x9B\xB5;<e2><9b><b5>;VELERO
SAKE BOTTLE AND CUP;🍶;\xF0\x9F\x8D\xB6;<ed><a0><bc><ed><bd><b6>;BOTELLA Y TAZA DE SAKE
SATELLITE ANTENNA;📡;\xF0\x9F\x93\xA1;<ed><a0><bd><ed><b3><a1>;ANTENA SATÉLITE
SAXOPHONE;🎷;\xF0\x9F\x8E\xB7;<ed><a0><bc><ed><be><b7>;SAXOFÓN
SCHOOL;🏫;\xF0\x9F\x8F\xAB;<ed><a0><bc><ed><bf><ab>;COLEGIO
SCHOOL SATCHEL;🎒;\xF0\x9F\x8E\x92;<ed><a0><bc><ed><be><92>;ESCUELA SATCHEL
SCORPIUS;♏;\xE2\x99\x8F;<e2><99><8f>;ESCORPIUS
SCROLL;📜;\xF0\x9F\x93\x9C;<ed><a0><bd><ed><b3><9c>;VOLUTA
SEAT;💺;\xF0\x9F\x92\xBA;<ed><a0><bd><ed><b2><ba>;ASIENTO
SEE-NO-EVIL MONKEY;🙈;\xF0\x9F\x99\x88;<ed><a0><bd><ed><b9><88>;MONO DE VER-NO-MAL
SEEDLING;🌱;\xF0\x9F\x8C\xB1;<ed><a0><bc><ed><bc><b1>;PLANTA DE SEMILLERO
SHAVED ICE;🍧;\xF0\x9F\x8D\xA7;<ed><a0><bc><ed><bd><a7>;HIELO PICADO
SHEEP;🐑;\xF0\x9F\x90\x91;<ed><a0><bd><ed><b0><91>;OVEJA
SHIP;🚢;\xF0\x9F\x9A\xA2;<ed><a0><bd><ed><ba><a2>;ENVIAR
SHOOTING STAR;🌠;\xF0\x9F\x8C\xA0;<ed><a0><bc><ed><bc><a0>;ESTRELLA FUGAZ
SHORTCAKE;🍰;\xF0\x9F\x8D\xB0;<ed><a0><bc><ed><bd><b0>;TORTA DE FRUTAS
SHOWER;🚿;\xF0\x9F\x9A\xBF;<ed><a0><bd><ed><ba><bf>;DUCHA
SILHOUETTE OF JAPAN;🗾;\xF0\x9F\x97\xBE;<ed><a0><bd><ed><b7><be>;SILUETA DE JAPÓN
SIX POINTED STAR WITH MIDDLE DOT;🔯;\xF0\x9F\x94\xAF;<ed><a0><bd><ed><b4><af>;ESTRELLA DE SEIS PUNTOS CON PUNTO MEDIO
SKI AND SKI BOOT;🎿;\xF0\x9F\x8E\xBF;<ed><a0><bc><ed><be><bf>;BOTA DE ESQUÍ Y SKI
SKULL;💀;\xF0\x9F\x92\x80;<ed><a0><bd><ed><b2><80>;CRÁNEO
SLEEPING FACE;😴;\xF0\x9F\x98\xB4;<ed><a0><bd><ed><b8><b4>;CARA DEL SUEÑO
SLEEPING SYMBOL;💤;\xF0\x9F\x92\xA4;<ed><a0><bd><ed><b2><a4>;SÍMBOLO DEL SUEÑO
SLEEPY FACE;😪;\xF0\x9F\x98\xAA;<ed><a0><bd><ed><b8><aa>;CARA SOMNOLIENTA
SLICE OF PIZZA;🍕;\xF0\x9F\x8D\x95;<ed><a0><bc><ed><bd><95>;PEDAZO DE PIZZA
SLOT MACHINE;🎰;\xF0\x9F\x8E\xB0;<ed><a0><bc><ed><be><b0>;MAQUINA DE CASINO
SMALL BLUE DIAMOND;🔹;\xF0\x9F\x94\xB9;<ed><a0><bd><ed><b4><b9>;PEQUEÑO DIAMANTE AZUL
SMALL ORANGE DIAMOND;🔸;\xF0\x9F\x94\xB8;<ed><a0><bd><ed><b4><b8>;PEQUEÑO DIAMANTE ANARANJADO
SMILING CAT FACE WITH HEART-SHAPED EYES;😻;\xF0\x9F\x98\xBB;<ed><a0><bd><ed><b8><bb>;CARA DE GATO SONRIENTE CON OJOS EN FORMA DE CORAZÓN
SMILING CAT FACE WITH OPEN MOUTH;😺;\xF0\x9F\x98\xBA;<ed><a0><bd><ed><b8><ba>;CARA DE GATO SONRIENTE CON BOCA ABIERTA
SMILING FACE WITH HALO;😇;\xF0\x9F\x98\x87;<ed><a0><bd><ed><b8><87>;CARA SONRIENTE CON HALO
SMILING FACE WITH HEART-SHAPED EYES;😍;\xF0\x9F\x98\x8D;<ed><a0><bd><ed><b8><8d>;CARA SONRIENTE CON OJOS EN FORMA DE CORAZÓN
SMILING FACE WITH HORNS;😈;\xF0\x9F\x98\x88;<ed><a0><bd><ed><b8><88>;CARA SONRIENTE CON CUERNOS
SMILING FACE WITH OPEN MOUTH;😃;\xF0\x9F\x98\x83;<ed><a0><bd><ed><b8><83>;CARA SONRIENTE CON BOCA ABIERTA
SMILING FACE WITH OPEN MOUTH AND COLD SWEAT;😅;\xF0\x9F\x98\x85;<ed><a0><bd><ed><b8><85>;CARA SONRIENTE CON BOCA ABIERTA Y SUDOR FRÍO
SMILING FACE WITH OPEN MOUTH AND SMILING EYES;😄;\xF0\x9F\x98\x84;<ed><a0><bd><ed><b8><84>;CARA SONRIENTE CON BOCA ABIERTA Y OJOS SONRIENTES
SMILING FACE WITH OPEN MOUTH AND TIGHTLY-CLOSED EYES;😆;\xF0\x9F\x98\x86;<ed><a0><bd><ed><b8><86>;CARA SONRIENTE CON BOCA ABIERTA Y OJOS CERRADOS
SMILING FACE WITH SMILING EYES;😊;\xF0\x9F\x98\x8A;<ed><a0><bd><ed><b8><8a>;CARA SONRIENTE CON OJOS SONRIENTES
SMILING FACE WITH SUNGLASSES;😎;\xF0\x9F\x98\x8E;<ed><a0><bd><ed><b8><8e>;CARA SONRIENTE CON GAFAS DE SOL
SMIRKING FACE;😏;\xF0\x9F\x98\x8F;<ed><a0><bd><ed><b8><8f>;CARA SONRIENTE
SMOKING SYMBOL;🚬;\xF0\x9F\x9A\xAC;<ed><a0><bd><ed><ba><ac>;SÍMBOLO DE FUMAR
SNAIL;🐌;\xF0\x9F\x90\x8C;<ed><a0><bd><ed><b0><8c>;CARACOL
SNAKE;🐍;\xF0\x9F\x90\x8D;<ed><a0><bd><ed><b0><8d>;SERPIENTE
SNOWBOARDER;🏂;\xF0\x9F\x8F\x82;<ed><a0><bc><ed><bf><82>;SNOWBOARDER
SNOWFLAKE;❄;\xE2\x9D\x84;<e2><9d><84>;COPO DE NIEVE
SNOWMAN WITHOUT SNOW;⛄;\xE2\x9B\x84;<e2><9b><84>;MUÑECO DE NIEVE SIN NIEVE
SOCCER BALL;⚽;\xE2\x9A\xBD;<e2><9a><bd>;BALÓN DE FÚTBOL
SOFT ICE CREAM;🍦;\xF0\x9F\x8D\xA6;<ed><a0><bc><ed><bd><a6>;HELADO SUAVE
SOON WITH RIGHTWARDS ARROW ABOVE;🔜;\xF0\x9F\x94\x9C;<ed><a0><bd><ed><b4><9c>;PRONTO CON FLECHA HACIA ARRIBA ARRIBA
SOUTH EAST ARROW;↘;\xE2\x86\x98;<e2><86><98>;FLECHA DEL SUDESTE
SOUTH WEST ARROW;↙;\xE2\x86\x99;<e2><86><99>;FLECHA DEL SUR OESTE
SPAGHETTI;🍝;\xF0\x9F\x8D\x9D;<ed><a0><bc><ed><bd><9d>;ESPAGUETIS
SPARKLE;❇;\xE2\x9D\x87;<e2><9d><87>;BRILLAR
SPARKLES;✨;\xE2\x9C\xA8;<e2><9c><a8>;CHISPAS
SPARKLING HEART;💖;\xF0\x9F\x92\x96;<ed><a0><bd><ed><b2><96>;CORAZÓN CHISPEANTE
SPEAK-NO-EVIL MONKEY;🙊;\xF0\x9F\x99\x8A;<ed><a0><bd><ed><b9><8a>;MONO TAPANDO BOCA
SPEAKER WITH CANCELLATION STROKE;🔇;\xF0\x9F\x94\x87;<ed><a0><bd><ed><b4><87>;ALTAVOZ CON CANTO DE CANCELACIÓN
SPEAKER WITH ONE SOUND WAVE;🔉;\xF0\x9F\x94\x89;<ed><a0><bd><ed><b4><89>;ALTAVOZ CON UNA SOLA ONDA DE SONIDO
SPEAKER WITH THREE SOUND WAVES;🔊;\xF0\x9F\x94\x8A;<ed><a0><bd><ed><b4><8a>;ALTAVOZ CON TRES ONDAS DE SONIDO
SPEECH BALLOON;💬;\xF0\x9F\x92\xAC;<ed><a0><bd><ed><b2><ac>;GLOBO DE DISCURSO
SPEEDBOAT;🚤;\xF0\x9F\x9A\xA4;<ed><a0><bd><ed><ba><a4>;LANCHA RÁPIDA
SPIRAL SHELL;🐚;\xF0\x9F\x90\x9A;<ed><a0><bd><ed><b0><9a>;CONCHA
SPLASHING SWEAT SYMBOL;💦;\xF0\x9F\x92\xA6;<ed><a0><bd><ed><b2><a6>;SÍMBOLOS DEL SUDOR
SPOUTING WHALE;🐳;\xF0\x9F\x90\xB3;<ed><a0><bd><ed><b0><b3>;BALLENA
SQUARED CJK UNIFIED IDEOGRAPH-5272;🈹;\xF0\x9F\x88\xB9;<ed><a0><bc><ed><b8><b9>;IDEÓGRAFO UNIFIED CJK CUADRADO-5272
SQUARED CJK UNIFIED IDEOGRAPH-5408;🈴;\xF0\x9F\x88\xB4;<ed><a0><bc><ed><b8><b4>;CJK UNIFIED IDEOGRAPH-5408
SQUARED CJK UNIFIED IDEOGRAPH-55B6;🈺;\xF0\x9F\x88\xBA;<ed><a0><bc><ed><b8><ba>;IDEOGRAPH-55B6 UNIFIED CJK CUADRADO
SQUARED CJK UNIFIED IDEOGRAPH-6307;🈯;\xF0\x9F\x88\xAF;<ed><a0><bc><ed><b8><af>;IDEOGRAFÍA UNIFIED CJK UNIFIED-6307
SQUARED CJK UNIFIED IDEOGRAPH-6708;🈷;\xF0\x9F\x88\xB7;<ed><a0><bc><ed><b8><b7>;IDEOGRAFÍA UNIFIED CJK UNIFIED-6708
SQUARED CJK UNIFIED IDEOGRAPH-6709;🈶;\xF0\x9F\x88\xB6;<ed><a0><bc><ed><b8><b6>;IDEOGRAFÍA UNIFIED CJK UNIFIED-6709
SQUARED CJK UNIFIED IDEOGRAPH-6E80;🈵;\xF0\x9F\x88\xB5;<ed><a0><bc><ed><b8><b5>;CJK UNIFIED IDEOGRAPH-6E80 CUADRADO
SQUARED CJK UNIFIED IDEOGRAPH-7121;🈚;\xF0\x9F\x88\x9A;<ed><a0><bc><ed><b8><9a>;IDEOGRAPH UNIFIED CJK CUADRADO-7121
SQUARED CJK UNIFIED IDEOGRAPH-7533;🈸;\xF0\x9F\x88\xB8;<ed><a0><bc><ed><b8><b8>;SQUARED CJK UNIFIED IDEOGRAPH-7533
SQUARED CJK UNIFIED IDEOGRAPH-7981;🈲;\xF0\x9F\x88\xB2;<ed><a0><bc><ed><b8><b2>;SQUARED CJK UNIFIED IDEOGRAPH-7981
SQUARED CJK UNIFIED IDEOGRAPH-7A7A;🈳;\xF0\x9F\x88\xB3;<ed><a0><bc><ed><b8><b3>;IDEOGRAPH-7A7A UNIFIED CJK CUADRADO
SQUARED CL;🆑;\xF0\x9F\x86\x91;<ed><a0><bc><ed><b6><91>;CUADRADO CL
SQUARED COOL;🆒;\xF0\x9F\x86\x92;<ed><a0><bc><ed><b6><92>;CUADRADO FRESCO
SQUARED FREE;🆓;\xF0\x9F\x86\x93;<ed><a0><bc><ed><b6><93>;CUADRADO GRATIS
SQUARED ID;🆔;\xF0\x9F\x86\x94;<ed><a0><bc><ed><b6><94>;ID CUADRADO
SQUARED KATAKANA KOKO;🈁;\xF0\x9F\x88\x81;<ed><a0><bc><ed><b8><81>;KATAKANA KOKO CUADRADO
SQUARED KATAKANA SA;🈂;\xF0\x9F\x88\x82;<ed><a0><bc><ed><b8><82>;SQUARED KATAKANA SA
SQUARED NEW;🆕;\xF0\x9F\x86\x95;<ed><a0><bc><ed><b6><95>;NUEVO CUADRADO
SQUARED NG;🆖;\xF0\x9F\x86\x96;<ed><a0><bc><ed><b6><96>;CUADRADO
SQUARED OK;🆗;\xF0\x9F\x86\x97;<ed><a0><bc><ed><b6><97>;CUADRADO BIEN
SQUARED SOS;🆘;\xF0\x9F\x86\x98;<ed><a0><bc><ed><b6><98>;SOS CUADRADOS
SQUARED UP WITH EXCLAMATION MARK;🆙;\xF0\x9F\x86\x99;<ed><a0><bc><ed><b6><99>;CUADRADO CON MARCA DE EXCLAMACIÓN
SQUARED VS;🆚;\xF0\x9F\x86\x9A;<ed><a0><bc><ed><b6><9a>;CUADRADO
STATION;🚉;\xF0\x9F\x9A\x89;<ed><a0><bd><ed><ba><89>;ESTACIÓN
STATUE OF LIBERTY;🗽;\xF0\x9F\x97\xBD;<ed><a0><bd><ed><b7><bd>;ESTATUA DE LA LIBERTAD
STEAM LOCOMOTIVE;🚂;\xF0\x9F\x9A\x82;<ed><a0><bd><ed><ba><82>;LOCOMOTORA DE VAPOR
STEAMING BOWL;🍜;\xF0\x9F\x8D\x9C;<ed><a0><bc><ed><bd><9c>;LOCOMOTORA DE VAPOR
STRAIGHT RULER;📏;\xF0\x9F\x93\x8F;<ed><a0><bd><ed><b3><8f>;REGLA
STRAWBERRY;🍓;\xF0\x9F\x8D\x93;<ed><a0><bc><ed><bd><93>;FRESA
SUN BEHIND CLOUD;⛅;\xE2\x9B\x85;<e2><9b><85>;SOL ATRÁS DE LA NUBE
SUN WITH FACE;🌞;\xF0\x9F\x8C\x9E;<ed><a0><bc><ed><bc><9e>;SOL CON CARA
SUNFLOWER;🌻;\xF0\x9F\x8C\xBB;<ed><a0><bc><ed><bc><bb>;GIRASOL
SUNRISE;🌅;\xF0\x9F\x8C\x85;<ed><a0><bc><ed><bc><85>;AMANECER
SUNRISE OVER MOUNTAINS;🌄;\xF0\x9F\x8C\x84;<ed><a0><bc><ed><bc><84>;SALIDA DEL SOL SOBRE MONTAÑAS
SUNSET OVER BUILDINGS;🌇;\xF0\x9F\x8C\x87;<ed><a0><bc><ed><bc><87>;PUESTA DEL SOL SOBRE EDIFICIOS
SURFER;🏄;\xF0\x9F\x8F\x84;<ed><a0><bc><ed><bf><84>;TABLISTA
SUSHI;🍣;\xF0\x9F\x8D\xA3;<ed><a0><bc><ed><bd><a3>;SUSHI
SUSPENSION RAILWAY;🚟;\xF0\x9F\x9A\x9F;<ed><a0><bd><ed><ba><9f>;SUSPENSION FERROVIARIA
SWIMMER;🏊;\xF0\x9F\x8F\x8A;<ed><a0><bc><ed><bf><8a>;NADADOR
SYRINGE;💉;\xF0\x9F\x92\x89;<ed><a0><bd><ed><b2><89>;JERINGUILLA
T-SHIRT;👕;\xF0\x9F\x91\x95;<ed><a0><bd><ed><b1><95>;CAMISETA
TANABATA TREE;🎋;\xF0\x9F\x8E\x8B;<ed><a0><bc><ed><be><8b>;TANABATA TREE
TANGERINE;🍊;\xF0\x9F\x8D\x8A;<ed><a0><bc><ed><bd><8a>;MANDARINA
TAURUS;♉;\xE2\x99\x89;<e2><99><89>;TAURO
TAXI;🚕;\xF0\x9F\x9A\x95;<ed><a0><bd><ed><ba><95>;TAXI
TEACUP WITHOUT HANDLE;🍵;\xF0\x9F\x8D\xB5;<ed><a0><bc><ed><bd><b5>;TEACUP SIN MANIJA
TEAR-OFF CALENDAR;📆;\xF0\x9F\x93\x86;<ed><a0><bd><ed><b3><86>;CALENDARIO DE DESPLAZAMIENTO
TELEPHONE RECEIVER;📞;\xF0\x9F\x93\x9E;<ed><a0><bd><ed><b3><9e>;RECEPTOR DE TELÉFONO
TELESCOPE;🔭;\xF0\x9F\x94\xAD;<ed><a0><bd><ed><b4><ad>;TELESCOPIO
TELEVISION;📺;\xF0\x9F\x93\xBA;<ed><a0><bd><ed><b3><ba>;TELEVISIÓN
TENNIS RACQUET AND BALL;🎾;\xF0\x9F\x8E\xBE;<ed><a0><bc><ed><be><be>;RACQUET Y BOLA DE TENIS
TENT;⛺;\xE2\x9B\xBA;<e2><9b><ba>;TIENDA
THOUGHT BALLOON;💭;\xF0\x9F\x92\xAD;<ed><a0><bd><ed><b2><ad>;GLOBO PENSADO
THUMBS DOWN SIGN;👎;\xF0\x9F\x91\x8E;<ed><a0><bd><ed><b1><8e>;PULGAR ABAJO LA MUESTRA
THUMBS UP SIGN;👍;\xF0\x9F\x91\x8D;<ed><a0><bd><ed><b1><8d>;PULGAR
TICKET;🎫;\xF0\x9F\x8E\xAB;<ed><a0><bc><ed><be><ab>;BOLETO
TIGER;🐅;\xF0\x9F\x90\x85;<ed><a0><bd><ed><b0><85>;TIGRE
TIGER FACE;🐯;\xF0\x9F\x90\xAF;<ed><a0><bd><ed><b0><af>;CARA TIGRE
TIRED FACE;😫;\xF0\x9F\x98\xAB;<ed><a0><bd><ed><b8><ab>;CARA CANSADA
TOILET;🚽;\xF0\x9F\x9A\xBD;<ed><a0><bd><ed><ba><bd>;BAÑO
TOKYO TOWER;🗼;\xF0\x9F\x97\xBC;<ed><a0><bd><ed><b7><bc>;TORRE DE TOKIO
TOMATO;🍅;\xF0\x9F\x8D\x85;<ed><a0><bc><ed><bd><85>;TOMATE
TONGUE;👅;\xF0\x9F\x91\x85;<ed><a0><bd><ed><b1><85>;LENGUA
TOP HAT;🎩;\xF0\x9F\x8E\xA9;<ed><a0><bc><ed><be><a9>;SOMBRERO ALTO
TOP WITH UPWARDS ARROW ABOVE;🔝;\xF0\x9F\x94\x9D;<ed><a0><bd><ed><b4><9d>;TOP CON ARRIBA ARRIBA ARRIBA
TRACTOR;🚜;\xF0\x9F\x9A\x9C;<ed><a0><bd><ed><ba><9c>;TRACTOR
TRADE MARK SIGN;™;\xE2\x84\xA2;<e2><84><a2>;SEÑAL DE MARCA
TRAIN;🚆;\xF0\x9F\x9A\x86;<ed><a0><bd><ed><ba><86>;TREN
TRAM;🚊;\xF0\x9F\x9A\x8A;<ed><a0><bd><ed><ba><8a>;TRANVÍA
TRIANGULAR FLAG ON POST;🚩;\xF0\x9F\x9A\xA9;<ed><a0><bd><ed><ba><a9>;BANDERA TRIANGULAR EN POST
TRIANGULAR RULER;📐;\xF0\x9F\x93\x90;<ed><a0><bd><ed><b3><90>;REGLA TRIANGULAR
TRIDENT EMBLEM;🔱;\xF0\x9F\x94\xB1;<ed><a0><bd><ed><b4><b1>;EMBLEMA DE TRIDENT
TROLLEYBUS;🚎;\xF0\x9F\x9A\x8E;<ed><a0><bd><ed><ba><8e>;TROLEBÚS
TROPHY;🏆;\xF0\x9F\x8F\x86;<ed><a0><bc><ed><bf><86>;TROFEO
TROPICAL DRINK;🍹;\xF0\x9F\x8D\xB9;<ed><a0><bc><ed><bd><b9>;BEBIDA TROPICAL
TROPICAL FISH;🐠;\xF0\x9F\x90\xA0;<ed><a0><bd><ed><b0><a0>;PEZ TROPICAL
TRUMPET;🎺;\xF0\x9F\x8E\xBA;<ed><a0><bc><ed><be><ba>;TROMPETA
TULIP;🌷;\xF0\x9F\x8C\xB7;<ed><a0><bc><ed><bc><b7>;TULIPÁN
TURTLE;🐢;\xF0\x9F\x90\xA2;<ed><a0><bd><ed><b0><a2>;TORTUGA
TWISTED RIGHTWARDS ARROWS;🔀;\xF0\x9F\x94\x80;<ed><a0><bd><ed><b4><80>;FLECHAS HACIA ARRIBA TORCIDAS
TWO HEARTS;💕;\xF0\x9F\x92\x95;<ed><a0><bd><ed><b2><95>;DOS CORAZONES
TWO MEN HOLDING HANDS;👬;\xF0\x9F\x91\xAC;<ed><a0><bd><ed><b1><ac>;DOS HOMBRES QUE SOSTIENEN LAS MANOS
TWO WOMEN HOLDING HANDS;👭;\xF0\x9F\x91\xAD;<ed><a0><bd><ed><b1><ad>;DOS MUJERES SOSTENIENDO LAS MANOS
UMBRELLA WITH RAIN DROPS;☔;\xE2\x98\x94;<e2><98><94>;PARAGUAS CON GOTAS DE LLUVIA
UNAMUSED FACE;😒;\xF0\x9F\x98\x92;<ed><a0><bd><ed><b8><92>;CARA BORDE
UP DOWN ARROW;↕;\xE2\x86\x95;<e2><86><95>;ARRIBA FLECHA ABAJO
UP-POINTING RED TRIANGLE;🔺;\xF0\x9F\x94\xBA;<ed><a0><bd><ed><b4><ba>;TRIÁNGULO ROJO
UP-POINTING SMALL RED TRIANGLE;🔼;\xF0\x9F\x94\xBC;<ed><a0><bd><ed><b4><bc>;PEQUEÑO TRIÁNGULO ROJO
UPWARDS BLACK ARROW;⬆;\xE2\xAC\x86;<e2><ac><86>;FLECHA NEGRA ARRIBA
VERTICAL TRAFFIC LIGHT;🚦;\xF0\x9F\x9A\xA6;<ed><a0><bd><ed><ba><a6>;LUZ DE TRÁFICO VERTICAL
VIBRATION MODE;📳;\xF0\x9F\x93\xB3;<ed><a0><bd><ed><b3><b3>;MODO DE VIBRACIÓN
VICTORY HAND;✌;\xE2\x9C\x8C;<e2><9c><8c>;VICTORIA MANO
VIDEO CAMERA;📹;\xF0\x9F\x93\xB9;<ed><a0><bd><ed><b3><b9>;CAMARA DE VIDEO
VIDEO GAME;🎮;\xF0\x9F\x8E\xAE;<ed><a0><bc><ed><be><ae>;VIDEOJUEGO
VIDEOCASSETTE;📼;\xF0\x9F\x93\xBC;<ed><a0><bd><ed><b3><bc>;VIDEOCASETERA
VIOLIN;🎻;\xF0\x9F\x8E\xBB;<ed><a0><bc><ed><be><bb>;VIOLÍN
VIRGO;♍;\xE2\x99\x8D;<e2><99><8d>;VIRGO
VOLCANO;🌋;\xF0\x9F\x8C\x8B;<ed><a0><bc><ed><bc><8b>;VOLCÁN
WANING CRESCENT MOON SYMBOL;🌘;\xF0\x9F\x8C\x98;<ed><a0><bc><ed><bc><98>;SÍMBOLO DE LUNA CRESCENTE
WANING GIBBOUS MOON SYMBOL;🌖;\xF0\x9F\x8C\x96;<ed><a0><bc><ed><bc><96>;SÍMBOLO DE LA LUNA DE GIBBOUS QUE SE AMA
WARNING SIGN;⚠;\xE2\x9A\xA0;<e2><9a><a0>;SEÑAL DE ADVERTENCIA
WATCH;⌚;\xE2\x8C\x9A;<e2><8c><9a>;RELOJ
WATER BUFFALO;🐃;\xF0\x9F\x90\x83;<ed><a0><bd><ed><b0><83>;BÚFALO DE AGUA
WATER CLOSET;🚾;\xF0\x9F\x9A\xBE;<ed><a0><bd><ed><ba><be>;INODORO
WATER WAVE;🌊;\xF0\x9F\x8C\x8A;<ed><a0><bc><ed><bc><8a>;OLA DE AGUA
WATERMELON;🍉;\xF0\x9F\x8D\x89;<ed><a0><bc><ed><bd><89>;SANDÍA
WAVING HAND SIGN;👋;\xF0\x9F\x91\x8B;<ed><a0><bd><ed><b1><8b>;SIGNO DE MANO DE ONDULACIÓN
WAVY DASH;〰;\xE3\x80\xB0;<e3><80><b0>;TRAPO ONDULADO
WAXING CRESCENT MOON SYMBOL;🌒;\xF0\x9F\x8C\x92;<ed><a0><bc><ed><bc><92>;SÍMBOLO DE LUNA CRESCENTE
WAXING GIBBOUS MOON SYMBOL;🌔;\xF0\x9F\x8C\x94;<ed><a0><bc><ed><bc><94>;SÍMBOLO DE LA LUNA DE GIBBOUS DE CERA
WEARY CAT FACE;🙀;\xF0\x9F\x99\x80;<ed><a0><bd><ed><b9><80>;GATO SORPRENDIDO
WEARY FACE;😩;\xF0\x9F\x98\xA9;<ed><a0><bd><ed><b8><a9>;CARA CANSADA
WEDDING;💒;\xF0\x9F\x92\x92;<ed><a0><bd><ed><b2><92>;BODA
WHALE;🐋;\xF0\x9F\x90\x8B;<ed><a0><bd><ed><b0><8b>;BALLENA
WHEELCHAIR SYMBOL;♿;\xE2\x99\xBF;<e2><99><bf>;SÍMBOLO DE SILLA DE RUEDAS
WHITE DOWN POINTING BACKHAND INDEX;👇;\xF0\x9F\x91\x87;<ed><a0><bd><ed><b1><87>;DEDO INDICE HACIA ABAJO
WHITE EXCLAMATION MARK ORNAMENT;❕;\xE2\x9D\x95;<e2><9d><95>;EXCLAMACIÓN BLANCA
WHITE FLOWER;💮;\xF0\x9F\x92\xAE;<ed><a0><bd><ed><b2><ae>;FLOR BLANCA
WHITE HEAVY CHECK MARK;✅;\xE2\x9C\x85;<e2><9c><85>;SÍMBOLO CHECK
WHITE LARGE SQUARE;⬜;\xE2\xAC\x9C;<e2><ac><9c>;CUADRADO BLANCO GRANDE
WHITE LEFT POINTING BACKHAND INDEX;👈;\xF0\x9F\x91\x88;<ed><a0><bd><ed><b1><88>;DEDO INDICE HACIA IZQUIERDA
WHITE MEDIUM SMALL SQUARE;◽;\xE2\x97\xBD;<e2><97><bd>;CUADRADO BLANCO PEQUEÑO
WHITE MEDIUM SQUARE;◻;\xE2\x97\xBB;<e2><97><bb>;CUADRADO BLANCO
WHITE MEDIUM STAR;⭐;\xE2\xAD\x90;<e2><ad><90>;ESTRELLA
WHITE QUESTION MARK ORNAMENT;❔;\xE2\x9D\x94;<e2><9d><94>;INTERROGACIÓN BLANCA
WHITE RIGHT POINTING BACKHAND INDEX;👉;\xF0\x9F\x91\x89;<ed><a0><bd><ed><b1><89>;DEDO INDICE HACIA DERECHA
WHITE SMALL SQUARE;▫;\xE2\x96\xAB;<e2><96><ab>;BLANCO PEQUEÑO CUADRADO
WHITE SMILING FACE;☺;\xE2\x98\xBA;<e2><98><ba>;CARA SONRIENTE BLANCA
WHITE SQUARE BUTTON;🔳;\xF0\x9F\x94\xB3;<ed><a0><bd><ed><b4><b3>;BOTÓN CUADRADO BLANCO
WHITE UP POINTING BACKHAND INDEX;👆;\xF0\x9F\x91\x86;<ed><a0><bd><ed><b1><86>;DEDO INDICE HACIA ARRIBA
WHITE UP POINTING INDEX;☝;\xE2\x98\x9D;<e2><98><9d>;DEDO INDICE HACIA ARRIBA
WIND CHIME;🎐;\xF0\x9F\x8E\x90;<ed><a0><bc><ed><be><90>;VIENTO
WINE GLASS;🍷;\xF0\x9F\x8D\xB7;<ed><a0><bc><ed><bd><b7>;COPA DE VINO
WINKING FACE;😉;\xF0\x9F\x98\x89;<ed><a0><bd><ed><b8><89>;CARA BORRACHA
WOLF FACE;🐺;\xF0\x9F\x90\xBA;<ed><a0><bd><ed><b0><ba>;CARA DE LOBO
WOMAN;👩;\xF0\x9F\x91\xA9;<ed><a0><bd><ed><b1><a9>;MUJER
WOMAN WITH BUNNY EARS;👯;\xF0\x9F\x91\xAF;<ed><a0><bd><ed><b1><af>;MUJERES BAILANDO
WOMANS BOOTS;👢;\xF0\x9F\x91\xA2;<ed><a0><bd><ed><b1><a2>;BOTAS
WOMANS CLOTHES;👚;\xF0\x9F\x91\x9A;<ed><a0><bd><ed><b1><9a>;ROPA
WOMANS HAT;👒;\xF0\x9F\x91\x92;<ed><a0><bd><ed><b1><92>;SOMBRERO
WOMANS SANDAL;👡;\xF0\x9F\x91\xA1;<ed><a0><bd><ed><b1><a1>;SANDALIA
WOMENS SYMBOL;🚺;\xF0\x9F\x9A\xBA;<ed><a0><bd><ed><ba><ba>;SÍMBOLO DE MUJER
WORRIED FACE;😟;\xF0\x9F\x98\x9F;<ed><a0><bd><ed><b8><9f>;CARA PREOCUPADA
WRAPPED PRESENT;🎁;\xF0\x9F\x8E\x81;<ed><a0><bc><ed><be><81>;REGALO
WRENCH;🔧;\xF0\x9F\x94\xA7;<ed><a0><bd><ed><b4><a7>;LLAVE INGLESA
YELLOW HEART;💛;\xF0\x9F\x92\x9B;<ed><a0><bd><ed><b2><9b>;CORAZÓN AMARILLO
